Nombre_Empresa,Tipo,Divisa,Monto,Plazo,Fecha_Inicio_Contrato,Ejecutivo
TELMEX,Vista,MXN,768489.72,1,2018-07-28,Daniel Escobedo Alcántar
TELMEX,Vista,EUR,4885585.41,1,2023-10-06,Alejandro Manuel Pantoja Olivo
GRUPO CARSO,CEDE,MXN,1858088.68,558,"January 31, 2020",Anabel Anel Quintanilla
WALMART DE MÉXICO,Vista,USD,2597613.53,1,"April 28, 2022",Irma Tomás Alfaro
GRUPO CARSO,Plazo,EUR,896807.16,321,13-Jul-2025,Frida Heredia Merino
PEMEX,CEDE,MXN,322584.65,159,27/12/2021,Eloisa Salinas Aguilar
walmart de méxico,Vista,MXN,2221490.67,1,20/09/2022,Sr(a). Salma Esquivel
WALMART DE MÉXICO,Plazo,USD,1235049.8,623,2023-12-11,Clara Cristobal Barreto Márquez
FEMSA,Vista,MXN,4360084.72,1,"April 15, 2016",Fernando Rivera Maestas
GRUPO BIMBO,CEDE,MXN,4271032.88,534,"October 21, 2019",Micaela Velásquez
grupo bimbo,Vista,MXN,2643921.74,1,02/10/2023,Eloisa Salinas Aguilar
BBVA MÉXICO,Plazo,MXN,257989.7,367,11/02/2022,Víctor Judith Leal Chapa
PEMEX,Vista,EUR,2108721.01,1,02/10/2015,Daniel Nadia Camacho
GRUPO CARSO,Vista,MXN,1181363.89,1,24-Sep-2023,Liliana Adela Castro
ALSEA,Vista,EUR,814052.61,1,14-Mar-2021,Homero Cristobal Romero Cortez
pemex,CEDE,EUR,3889836.27,427,13/11/2016,Sandra Rodolfo Amador
BANORTE,Vista,EUR,722114.73,1,"February 18, 2020",Dr. Virginia Pelayo
GRUPO BIMBO,Plazo,USD,3481334.15,163,14/04/2016,Víctor Durán de la Crúz
grupo lala,Plazo,MXN,3210504.3,446,21/11/2023,Linda Isabela Zambrano
CEMEX,Vista,USD,4137650.69,1,2021-05-05,Liliana Adela Castro
BANORTE,Vista,EUR,1660935.91,1,29/11/2015,Alejandra Susana Rodríguez Muro
AMÉRICA MÓVIL,CEDE,EUR,737726.23,271,08/12/2017,Rosalia Flores
femsa,Plazo,USD,4142504.9,399,"March 29, 2017",Víctor Durán de la Crúz
CEMEX,CEDE,MXN,2151777.59,436,28/03/2021,Ruby Alma Ulloa Puente
ALSEA,Plazo,USD,3856610.73,415,04/03/2019,Dr. Virginia Pelayo
GRUPO MÉXICO,Plazo,MXN,1226020.71,491,2021-10-14,Humberto Núñez
BANORTE,Plazo,USD,3392666.52,41,"October 16, 2016",Inés Castro
pemex,Vista,USD,518291.89,1,2023-09-26,Dr. Virginia Pelayo
grupo carso,Vista,MXN,4515887.53,1,19-Dec-2023,Ing. Pedro Frías
liverpool,Plazo,EUR,3788700.41,145,"June 27, 2021",Sandra Rodolfo Amador
BANORTE,Vista,USD,922350.44,1,2020-06-06,Luis Manuel Ana María Vera Domínguez
soriana,Plazo,EUR,1031551.7,425,"November 11, 2023",Ruby Alma Ulloa Puente
AMÉRICA MÓVIL,CEDE,MXN,1341167.18,394,"August 22, 2021",Lic. Gilberto Camacho
SORIANA,Plazo,MXN,4518836.59,48,"March 08, 2024",Mauricio Ybarra
liverpool,Vista,MXN,3250659.75,1,26/08/2021,Eloisa Salinas Aguilar
banorte,Vista,EUR,2211587.0,1,"October 01, 2019",Alejandro Manuel Pantoja Olivo
banorte,Vista,USD,3151358.77,1,2019-09-08,Camila Ortega Nazario
telmex,Plazo,MXN,4942909.72,270,04-Sep-2022,Daniel Nadia Camacho
cemex,Vista,USD,3824245.83,1,"December 06, 2023",Ivonne Cristian Crespo
GRUPO LALA,Plazo,USD,2684073.88,605,26/02/2022,Fernando Rivera Maestas
telmex,Plazo,EUR,4134449.04,413,2022-05-09,Helena Durán
grupo lala,Vista,USD,1760669.05,1,2021-04-05,Humberto Palomo
telmex,Plazo,EUR,4290119.52,311,2017-10-18,Mercedes Pablo Sanabria
GRUPO MÉXICO,Vista,EUR,1180599.76,1,2015-11-02,Fernando Rivera Maestas
BANORTE,CEDE,EUR,3264989.68,79,11/07/2021,Luis Manuel Ana María Vera Domínguez
TELMEX,CEDE,MXN,4234232.91,531,07/06/2021,Tania Homero Alonso
telmex,Vista,EUR,3854064.23,1,14/03/2025,Frida Heredia Merino
AMÉRICA MÓVIL,Plazo,EUR,2811150.28,444,26-Nov-2015,Cornelio Serafín Concepción Delgado
FEMSA,Plazo,MXN,1787625.94,380,"July 05, 2016",Marco Antonio Esther Tamez Ponce
cemex,Plazo,EUR,3872742.02,352,21/04/2017,Anabel Anel Quintanilla
telmex,CEDE,MXN,3713375.28,606,01-Jun-2022,Samuel Yuridia Huerta
WALMART DE MÉXICO,Plazo,EUR,740848.27,540,02-Apr-2019,Ivonne Cristian Crespo
BBVA MÉXICO,Plazo,EUR,4961346.56,572,20/02/2016,Linda Isabela Zambrano
américa móvil,Vista,EUR,1180399.26,1,07/05/2022,Ing. Asunción Alemán
BBVA MÉXICO,Vista,USD,1416735.33,1,19/07/2016,Clara Cristobal Barreto Márquez
SORIANA,CEDE,EUR,2265053.84,343,"June 05, 2017",Fernando Rivera Maestas
BBVA MÉXICO,Vista,EUR,3638370.07,1,15/11/2022,Gabino Mariano Laureano Puente
AMÉRICA MÓVIL,Plazo,EUR,2962725.02,100,"January 09, 2025",Concepción Pedroza Ruelas
grupo bimbo,Vista,USD,3587152.84,1,"August 31, 2022",Ruby Alma Ulloa Puente
telmex,Plazo,EUR,662868.41,601,2015-12-24,Gabino Mariano Laureano Puente
PEMEX,CEDE,EUR,4072158.16,698,13/06/2024,Linda Isabela Zambrano
GRUPO LALA,Plazo,EUR,4449800.67,714,"May 01, 2020",Marco Antonio Esther Tamez Ponce
PEMEX,Vista,MXN,4559500.41,1,09-Mar-2021,Irma Tomás Alfaro
LIVERPOOL,Plazo,MXN,397875.14,671,"November 02, 2017",Ivonne Cristian Crespo
CEMEX,Vista,MXN,4189961.43,1,07/06/2022,Mauricio Ybarra
américa móvil,Vista,EUR,2832412.59,1,20/11/2024,Víctor Judith Leal Chapa
grupo méxico,Vista,USD,4663669.64,1,"August 06, 2020",Mercedes Pablo Sanabria
TELMEX,Vista,USD,4932220.42,1,2017-10-10,Lic. Gilberto Camacho
bbva méxico,Vista,USD,1082519.83,1,06-Apr-2022,Liliana Adela Castro
PEMEX,CEDE,USD,4548459.8,64,05/07/2023,Espartaco Feliciano
liverpool,CEDE,USD,4602337.38,142,24/04/2017,Clara Cristobal Barreto Márquez
banorte,CEDE,USD,94600.13,469,"November 11, 2020",Rosalia Flores
BBVA MÉXICO,Vista,EUR,876619.49,1,"March 20, 2017",Inés Castro
AMÉRICA MÓVIL,Plazo,USD,2007658.56,396,02-Apr-2023,Ivonne Cristian Crespo
CEMEX,Plazo,EUR,2115208.47,73,01-Nov-2018,Dr. Virginia Pelayo
telmex,Plazo,USD,3739204.0,185,"December 31, 2017",Cristobal Miguel Ángel Armenta Mayorga
WALMART DE MÉXICO,Plazo,USD,4463990.59,177,2018-08-11,Helena Durán
bbva méxico,Plazo,USD,2957465.01,139,04-Jun-2018,Sofía de la Rosa
SORIANA,Vista,EUR,2934942.7,1,"April 27, 2016",Ruby Alma Ulloa Puente
grupo carso,Vista,USD,4496752.76,1,20/10/2017,Marco Antonio Esther Tamez Ponce
ALSEA,Vista,USD,2347002.21,1,2018-06-08,Ing. Asunción Alemán
GRUPO CARSO,CEDE,USD,2969185.23,661,"August 10, 2022",Alejandro Manuel Pantoja Olivo
BBVA MÉXICO,CEDE,USD,4686716.99,152,10/08/2020,Mauricio Ybarra
LIVERPOOL,CEDE,EUR,4397267.63,246,2015-11-18,Sofía de la Rosa
liverpool,Plazo,USD,2232977.46,487,25/06/2021,Clara Cristobal Barreto Márquez
cemex,Vista,USD,2948284.99,1,"October 09, 2024",Luis Manuel Ana María Vera Domínguez
GRUPO BIMBO,CEDE,USD,2311876.9,706,25/09/2023,Liliana Adela Castro
FEMSA,Plazo,EUR,3872104.39,588,2019-08-19,Clara Cristobal Barreto Márquez
femsa,Plazo,EUR,3631528.46,128,"December 17, 2016",Liliana Adela Castro
cemex,Vista,MXN,3130741.8,1,2024-04-02,Francisco Bustos Nájera
walmart de méxico,Plazo,USD,4316575.28,35,21/04/2017,Linda Isabela Zambrano
BBVA MÉXICO,Vista,USD,4217994.64,1,19/05/2024,Tania Homero Alonso
cemex,Plazo,USD,3043855.94,198,2020-05-20,Francisco Bustos Nájera
pemex,Plazo,USD,4429642.22,305,13/11/2016,Juana Antonia Lira Samaniego
femsa,Vista,MXN,1965209.43,1,30-Jul-2023,Juana Antonia Lira Samaniego
alsea,Plazo,EUR,3038101.54,308,01-Dec-2024,Gabino Mariano Laureano Puente
LIVERPOOL,Vista,EUR,3231944.56,1,2020-09-03,Humberto Núñez
ALSEA,Plazo,MXN,4490612.75,707,29/05/2020,Samuel Yuridia Huerta
walmart de méxico,Plazo,EUR,2774446.37,158,"December 18, 2021",Ruby Alma Ulloa Puente
CEMEX,CEDE,MXN,3464270.36,570,05/03/2022,Juana Antonia Lira Samaniego
femsa,CEDE,EUR,2334936.3,165,2020-02-01,Dr. Virginia Pelayo
grupo méxico,Vista,MXN,396488.01,1,"January 30, 2020",Ivonne Cristian Crespo
bbva méxico,CEDE,USD,3974373.27,138,01-Jan-2016,Lic. Gilberto Camacho
grupo carso,Plazo,USD,264407.26,678,25/06/2022,Alejandra Susana Rodríguez Muro
liverpool,CEDE,USD,4954096.34,486,27-Sep-2019,Linda Isabela Zambrano
PEMEX,CEDE,MXN,908653.47,409,16-Oct-2018,Gabino Mariano Laureano Puente
SORIANA,CEDE,USD,3596138.64,223,02/05/2023,Ing. Asunción Alemán
bbva méxico,CEDE,EUR,4536827.95,283,12-Sep-2020,Mercedes Pablo Sanabria
GRUPO CARSO,CEDE,EUR,512516.59,179,2021-03-31,Ing. Pedro Frías
telmex,CEDE,EUR,2009906.84,77,13-Sep-2015,Fernando Cervantes Caballero
alsea,Plazo,MXN,2161966.69,126,13-Nov-2017,Alfonso Natalia Sevilla
soriana,Vista,EUR,4733101.1,1,21-Mar-2020,Fernando Rivera Maestas
PEMEX,Vista,USD,546098.78,1,19/11/2024,Camila Ortega Nazario
cemex,CEDE,EUR,273924.09,98,21/10/2024,Luis Manuel Ana María Vera Domínguez
grupo méxico,Vista,MXN,3433499.52,1,"September 02, 2023",Espartaco Feliciano
GRUPO MÉXICO,Vista,USD,2959705.62,1,"November 15, 2023",Concepción Pedroza Ruelas
grupo lala,Plazo,USD,1370435.33,389,"April 12, 2023",Víctor Judith Leal Chapa
soriana,Plazo,USD,3605591.49,294,13-Mar-2024,Víctor Durán de la Crúz
grupo carso,CEDE,MXN,1027237.49,700,"August 16, 2021",Sandra Rodolfo Amador
GRUPO MÉXICO,Plazo,EUR,4431492.31,203,03-Dec-2024,Sofía de la Rosa
GRUPO BIMBO,Plazo,MXN,3274103.53,55,23-Jul-2016,Fernando Rivera Maestas
AMÉRICA MÓVIL,CEDE,USD,4079230.49,80,13-Jul-2017,Frida Heredia Merino
PEMEX,Vista,EUR,2155120.76,1,"April 25, 2018",Luis Manuel Ana María Vera Domínguez
GRUPO LALA,Vista,EUR,2393295.89,1,2016-11-17,Samuel Yuridia Huerta
grupo méxico,Vista,MXN,3302597.85,1,2023-06-17,Daniel Nadia Camacho
GRUPO MÉXICO,Plazo,EUR,1423248.24,163,05/03/2020,Ruby Alma Ulloa Puente
américa móvil,Vista,USD,3757135.53,1,21-Mar-2024,Concepción Pedroza Ruelas
femsa,CEDE,USD,3998244.28,92,2023-11-03,Liliana Adela Castro
GRUPO BIMBO,CEDE,MXN,1808000.58,577,23/09/2023,Cornelio Serafín Concepción Delgado
alsea,Plazo,MXN,4558975.14,118,2019-12-22,Ruby Alma Ulloa Puente
bbva méxico,Plazo,EUR,2327021.48,44,26/03/2017,Sandra Rodolfo Amador
américa móvil,Plazo,USD,2663265.96,590,"March 26, 2025",Micaela Velásquez
ALSEA,Plazo,USD,2782865.75,339,"April 22, 2016",Espartaco Feliciano
grupo carso,Plazo,USD,3537191.53,187,2017-09-27,Gloria Otero Sáenz
walmart de méxico,CEDE,EUR,2553512.55,656,2019-01-23,Camila Ortega Nazario
LIVERPOOL,Plazo,USD,495198.32,280,2018-05-04,Daniel Escobedo Alcántar
TELMEX,CEDE,EUR,345140.76,450,2021-11-25,Dr. Virginia Pelayo
AMÉRICA MÓVIL,Plazo,USD,3801330.36,317,06/06/2023,Mauricio Ybarra
grupo méxico,Vista,USD,1857930.6,1,05/05/2016,Daniel Escobedo Alcántar
grupo méxico,CEDE,USD,3451806.08,112,17/06/2021,Ing. Asunción Alemán
grupo carso,Plazo,MXN,2985772.71,343,"June 10, 2020",Gloria Otero Sáenz
GRUPO CARSO,Vista,EUR,4303245.33,1,27/10/2017,Daniel Nadia Camacho
BBVA MÉXICO,Vista,MXN,915125.32,1,2019-08-02,Gabino Mariano Laureano Puente
soriana,Plazo,USD,192373.62,582,08/11/2021,Mauricio Ybarra
cemex,Vista,MXN,479197.83,1,"May 20, 2019",Mauricio Ybarra
cemex,Vista,EUR,2224680.06,1,01/01/2017,Tania Homero Alonso
GRUPO MÉXICO,Plazo,EUR,3978706.33,640,16-Jan-2025,Alejandra Susana Rodríguez Muro
liverpool,Plazo,MXN,1551386.1,295,2017-01-19,Linda Isabela Zambrano
TELMEX,Vista,EUR,3983033.06,1,2017-07-03,Mauricio Ybarra
GRUPO LALA,CEDE,USD,1882927.21,97,20/02/2021,Rosalia Flores
femsa,Vista,EUR,358257.21,1,"January 09, 2019",Anabel Anel Quintanilla
grupo carso,Vista,USD,2057324.15,1,08-Mar-2023,Fernando Rivera Maestas
GRUPO BIMBO,Plazo,USD,4386382.1,615,02-Jan-2023,Alfonso Natalia Sevilla
grupo lala,Vista,USD,1904784.98,1,22/06/2016,Alfonso Natalia Sevilla
walmart de méxico,CEDE,USD,4503779.61,448,12/04/2024,Liliana Adela Castro
FEMSA,CEDE,EUR,3788605.75,278,2016-06-04,Sr(a). Salma Esquivel
LIVERPOOL,CEDE,EUR,1169591.62,152,24-Jun-2019,Luis Manuel Ana María Vera Domínguez
soriana,CEDE,EUR,4079657.31,158,20/10/2023,Francisco Bustos Nájera
AMÉRICA MÓVIL,CEDE,EUR,770567.43,284,28-Sep-2020,Frida Heredia Merino
américa móvil,CEDE,EUR,4841643.19,395,22/05/2020,Marco Antonio Esther Tamez Ponce
GRUPO BIMBO,Plazo,EUR,4472240.16,92,07/09/2023,Liliana Adela Castro
GRUPO LALA,CEDE,EUR,2571963.41,118,10/08/2020,Lic. Gilberto Camacho
BBVA MÉXICO,Plazo,MXN,1156615.19,334,26-Feb-2017,Juana Antonia Lira Samaniego
grupo carso,CEDE,MXN,3953144.01,433,2017-12-18,Cristobal Miguel Ángel Armenta Mayorga
GRUPO MÉXICO,Plazo,USD,2743904.22,648,2021-04-02,Irma Tomás Alfaro
ALSEA,Vista,EUR,2383714.14,1,"January 30, 2020",Fernando Rivera Maestas
BANORTE,CEDE,EUR,1968167.03,718,17-Apr-2023,Helena Durán
grupo lala,Vista,USD,4416884.57,1,29/06/2023,Micaela Velásquez
grupo bimbo,Vista,EUR,1373110.32,1,"November 25, 2023",Anabel Anel Quintanilla
américa móvil,Vista,USD,2087955.28,1,"July 14, 2021",Dr. Virginia Pelayo
BBVA MÉXICO,Plazo,MXN,4070767.11,398,"June 12, 2023",Inés Castro
FEMSA,Plazo,EUR,827631.41,667,"June 09, 2022",Samuel Yuridia Huerta
cemex,Vista,USD,1362791.08,1,"June 10, 2016",Gabino Mariano Laureano Puente
GRUPO CARSO,CEDE,EUR,1871382.15,227,26-Feb-2022,Guillermo Cristian Hernandes
GRUPO BIMBO,CEDE,MXN,2671048.18,207,"August 28, 2024",Alfonso Natalia Sevilla
grupo bimbo,Vista,USD,1020363.62,1,11-Nov-2015,Fernando Cervantes Caballero
WALMART DE MÉXICO,Plazo,MXN,4414426.99,674,2024-08-21,Mauricio Ybarra
PEMEX,Vista,MXN,1902932.86,1,"April 14, 2022",Fernando Cervantes Caballero
BANORTE,Plazo,USD,4865927.57,246,08-Jun-2020,Luis Manuel Ana María Vera Domínguez
grupo carso,CEDE,USD,3358220.14,516,26-Mar-2020,Fernando Cervantes Caballero
AMÉRICA MÓVIL,Vista,USD,4467513.95,1,30/05/2021,Tania Homero Alonso
bbva méxico,Vista,MXN,1914657.0,1,09-Sep-2019,Lic. Gilberto Camacho
soriana,Vista,EUR,4473650.59,1,"May 11, 2023",Tania Homero Alonso
grupo bimbo,CEDE,USD,1499161.89,478,17-Sep-2018,Sofía de la Rosa
telmex,Plazo,USD,2218598.47,460,25/11/2021,Dr. Virginia Pelayo
bbva méxico,Plazo,USD,4207589.99,70,26/09/2023,Ing. Pedro Frías
GRUPO BIMBO,Vista,USD,2705847.55,1,"November 04, 2015",Dr. Carlos Narváez
grupo carso,Plazo,USD,4668653.37,135,2017-09-18,Marco Antonio Esther Tamez Ponce
AMÉRICA MÓVIL,Vista,MXN,667453.7,1,2020-11-23,Dr. Carlos Narváez
liverpool,Vista,EUR,772455.82,1,2022-04-30,Rosalia Flores
pemex,CEDE,USD,2820875.91,54,22-Aug-2021,Concepción Pedroza Ruelas
GRUPO MÉXICO,Vista,USD,3937742.22,1,"January 14, 2016",Cornelio Serafín Concepción Delgado
américa móvil,Vista,MXN,1814237.59,1,23-Aug-2020,Inés Castro
AMÉRICA MÓVIL,Plazo,USD,1760921.16,707,18/01/2018,Fernando Cervantes Caballero
PEMEX,CEDE,MXN,2208743.18,270,14/06/2025,Daniel Nadia Camacho
banorte,Plazo,USD,1069850.23,359,16-Dec-2015,Rosalia Flores
LIVERPOOL,Plazo,USD,2542941.23,239,"January 19, 2016",Ivonne Cristian Crespo
GRUPO CARSO,Plazo,EUR,3987676.07,218,2022-06-11,Inés Castro
WALMART DE MÉXICO,Plazo,USD,3544638.54,492,"June 03, 2023",Dr. Virginia Pelayo
grupo bimbo,Vista,EUR,4440059.67,1,09/09/2016,Samuel Yuridia Huerta
alsea,CEDE,EUR,4344476.47,229,21/12/2015,Cristobal Miguel Ángel Armenta Mayorga
walmart de méxico,Plazo,MXN,3424217.28,255,26-Apr-2020,Luis Manuel Ana María Vera Domínguez
ALSEA,CEDE,USD,1775654.06,450,20/04/2024,Ing. Asunción Alemán
AMÉRICA MÓVIL,Vista,MXN,398751.41,1,2023-03-26,Ivonne Cristian Crespo
banorte,Plazo,EUR,4395194.67,79,14-Oct-2015,Francisco Bustos Nájera
grupo bimbo,CEDE,USD,4685997.94,646,"March 14, 2019",Alejandra Susana Rodríguez Muro
FEMSA,Vista,MXN,1362588.51,1,"January 18, 2022",Dr. Carlos Narváez
liverpool,Plazo,MXN,2970720.11,291,2022-05-12,Daniel Nadia Camacho
BBVA MÉXICO,CEDE,EUR,3796859.48,502,18/09/2016,Humberto Núñez
pemex,Plazo,EUR,2202229.36,512,18/08/2025,Gabino Mariano Laureano Puente
grupo lala,Plazo,USD,285234.26,184,"December 26, 2023",Concepción Pedroza Ruelas
femsa,CEDE,EUR,4386391.37,281,"September 11, 2024",Ing. Pedro Frías
SORIANA,Plazo,USD,3983156.46,92,2023-12-20,Víctor Durán de la Crúz
liverpool,CEDE,USD,3421924.34,46,12/11/2017,Humberto Palomo
PEMEX,CEDE,MXN,1160540.05,700,04-Mar-2018,Humberto Palomo
soriana,CEDE,EUR,2587416.14,513,2025-01-06,Marco Antonio Esther Tamez Ponce
TELMEX,CEDE,MXN,3703497.42,266,2023-04-09,Marco Antonio Esther Tamez Ponce
ALSEA,Plazo,MXN,3559441.06,248,2025-05-03,Dr. Carlos Narváez
GRUPO BIMBO,Plazo,MXN,809180.05,35,24-Jun-2016,Sofía de la Rosa
PEMEX,CEDE,USD,4426383.83,567,"December 18, 2021",Anabel Anel Quintanilla
grupo bimbo,Vista,USD,2810883.58,1,16-Dec-2021,Eloisa Salinas Aguilar
walmart de méxico,CEDE,MXN,667219.41,310,05/09/2016,Guillermo Cristian Hernandes
grupo carso,Vista,USD,2832045.22,1,15-Apr-2025,Daniel Nadia Camacho
TELMEX,CEDE,MXN,1574952.2,366,"May 21, 2023",Humberto Núñez
pemex,Vista,MXN,3188810.56,1,10/12/2021,Mercedes Pablo Sanabria
grupo lala,Plazo,MXN,764999.03,534,27/12/2024,Lic. Gilberto Camacho
GRUPO BIMBO,Vista,EUR,1525875.02,1,26/01/2019,Tania Homero Alonso
américa móvil,Plazo,USD,1535545.08,655,"October 26, 2024",Mauricio Ybarra
alsea,Plazo,USD,4638136.88,47,17-May-2023,Eloisa Salinas Aguilar
GRUPO MÉXICO,Vista,USD,3459435.97,1,22/03/2019,Homero Cristobal Romero Cortez
GRUPO LALA,Vista,EUR,535783.31,1,26/08/2019,Eloisa Salinas Aguilar
grupo bimbo,CEDE,EUR,2393674.5,99,"April 17, 2018",Fernando Rivera Maestas
GRUPO BIMBO,Plazo,USD,2884317.06,605,"August 26, 2015",Linda Isabela Zambrano
WALMART DE MÉXICO,Vista,MXN,1429854.4,1,27/03/2019,Dr. Carlos Narváez
grupo bimbo,CEDE,USD,2684326.04,102,24-Feb-2024,Homero Cristobal Romero Cortez
grupo méxico,CEDE,MXN,3069651.63,210,02/11/2023,Fernando Cervantes Caballero
SORIANA,Vista,EUR,626133.9,1,06/04/2017,Cornelio Serafín Concepción Delgado
TELMEX,CEDE,MXN,1492199.09,384,21-May-2016,Luis Manuel Ana María Vera Domínguez
américa móvil,Vista,EUR,4099047.57,1,13/08/2021,Eloisa Salinas Aguilar
soriana,Plazo,MXN,2615619.7,650,11-Oct-2024,Daniel Nadia Camacho
pemex,Vista,MXN,435266.0,1,20-Dec-2022,Ing. Pedro Frías
BBVA MÉXICO,CEDE,USD,4038762.91,263,"July 10, 2021",Sofía de la Rosa
GRUPO MÉXICO,Plazo,USD,1925482.2,273,"January 12, 2017",Humberto Núñez
GRUPO CARSO,CEDE,USD,1641020.62,347,10/07/2016,Mercedes Pablo Sanabria
GRUPO LALA,Plazo,MXN,156544.0,464,27/08/2024,Óscar González Griego
liverpool,Vista,USD,2062869.83,1,10/02/2019,Sr(a). Salma Esquivel
GRUPO MÉXICO,CEDE,USD,2024841.41,206,2021-05-10,Dr. Virginia Pelayo
LIVERPOOL,Plazo,MXN,1363677.99,149,2019-09-22,Concepción Pedroza Ruelas
SORIANA,Vista,USD,740718.04,1,27-Feb-2023,Sandra Rodolfo Amador
femsa,CEDE,MXN,881120.75,507,2015-11-10,Gabino Mariano Laureano Puente
GRUPO BIMBO,Plazo,MXN,1588306.61,596,14/12/2019,Dr. Carlos Narváez
alsea,CEDE,MXN,611954.11,131,2022-09-13,Clara Cristobal Barreto Márquez
grupo carso,Plazo,USD,3059194.54,422,"May 27, 2022",Clara Cristobal Barreto Márquez
GRUPO BIMBO,Plazo,USD,382495.4,658,07-Oct-2015,Camila Ortega Nazario
TELMEX,Plazo,USD,2622649.97,151,2025-02-01,Ivonne Cristian Crespo
grupo carso,Plazo,USD,364001.54,717,2025-03-04,Lic. Gilberto Camacho
grupo bimbo,Vista,EUR,1075449.56,1,2023-01-14,Mauricio Ybarra
PEMEX,CEDE,EUR,2723624.62,197,2016-03-09,Espartaco Feliciano
GRUPO LALA,Vista,MXN,4822497.32,1,2020-11-09,Marco Antonio Esther Tamez Ponce
américa móvil,CEDE,USD,4288305.34,476,2024-04-14,Camila Ortega Nazario
AMÉRICA MÓVIL,Plazo,USD,2214482.49,175,27-Oct-2021,Sofía de la Rosa
WALMART DE MÉXICO,CEDE,USD,1189542.33,661,31/08/2020,Cornelio Serafín Concepción Delgado
WALMART DE MÉXICO,CEDE,EUR,4927500.33,262,"May 10, 2022",Daniel Escobedo Alcántar
TELMEX,Vista,MXN,3306245.71,1,2020-09-22,Daniel Nadia Camacho
soriana,CEDE,MXN,1006819.14,633,"December 17, 2023",Humberto Palomo
grupo bimbo,Vista,EUR,2980805.38,1,22/12/2018,Sr(a). Salma Esquivel
GRUPO LALA,CEDE,USD,4948341.74,197,2022-09-02,Dr. Virginia Pelayo
PEMEX,CEDE,MXN,3817596.46,383,30/04/2019,Juana Antonia Lira Samaniego
walmart de méxico,Vista,USD,4154212.84,1,14/12/2023,Alejandro Manuel Pantoja Olivo
ALSEA,Vista,EUR,374183.2,1,18/01/2018,Víctor Judith Leal Chapa
telmex,Vista,USD,3376310.9,1,"May 25, 2018",Alfonso Natalia Sevilla
walmart de méxico,Vista,USD,3693951.88,1,2018-10-28,Lic. Gilberto Camacho
cemex,Vista,MXN,4187542.57,1,2021-01-31,Juana Antonia Lira Samaniego
GRUPO BIMBO,CEDE,USD,4349251.5,516,21-Mar-2024,Micaela Velásquez
pemex,Plazo,EUR,3236244.91,515,2021-12-08,Linda Isabela Zambrano
grupo lala,CEDE,EUR,807058.19,551,25-May-2016,Víctor Judith Leal Chapa
pemex,CEDE,EUR,4070003.45,152,2025-04-23,Helena Durán
bbva méxico,Vista,EUR,1191605.15,1,24-May-2023,Dr. Virginia Pelayo
grupo lala,CEDE,EUR,3857118.73,135,2018-11-26,Linda Isabela Zambrano
femsa,CEDE,USD,958813.66,523,19/12/2016,Fernando Cervantes Caballero
GRUPO CARSO,Vista,EUR,1819166.67,1,"December 25, 2024",Cristobal Miguel Ángel Armenta Mayorga
ALSEA,Plazo,USD,2027872.43,330,03/10/2015,Gabino Mariano Laureano Puente
liverpool,Plazo,USD,3810526.72,385,12-Jan-2021,Ing. Pedro Frías
banorte,CEDE,USD,1436734.3,191,07-Aug-2020,Clara Cristobal Barreto Márquez
pemex,CEDE,MXN,3693266.25,635,2020-12-14,Eloisa Salinas Aguilar
grupo lala,CEDE,MXN,1237718.28,161,2021-11-25,Concepción Pedroza Ruelas
femsa,Vista,USD,4762317.45,1,22/10/2023,Gloria Otero Sáenz
WALMART DE MÉXICO,Plazo,USD,2881616.0,464,23/04/2019,Óscar González Griego
GRUPO BIMBO,Plazo,EUR,3354949.68,94,12/07/2023,Ivonne Cristian Crespo
AMÉRICA MÓVIL,CEDE,MXN,1359587.9,629,2022-07-07,Dr. Virginia Pelayo
cemex,Plazo,MXN,2005368.3,409,07-Jan-2021,Lic. Gilberto Camacho
WALMART DE MÉXICO,CEDE,EUR,2458738.23,116,16/08/2017,Víctor Durán de la Crúz
GRUPO LALA,Plazo,USD,2239658.63,514,10-Jun-2018,Linda Isabela Zambrano
GRUPO MÉXICO,CEDE,EUR,2167959.09,548,2019-10-15,Homero Cristobal Romero Cortez
telmex,CEDE,USD,4892665.82,32,16-Aug-2019,Sandra Rodolfo Amador
bbva méxico,Plazo,EUR,1960511.4,667,18/07/2018,Cornelio Serafín Concepción Delgado
cemex,Vista,MXN,2262439.8,1,"February 13, 2025",Sofía de la Rosa
walmart de méxico,Vista,MXN,365949.01,1,06/10/2022,Lic. Gilberto Camacho
AMÉRICA MÓVIL,Plazo,EUR,642435.64,311,"March 08, 2020",Mercedes Pablo Sanabria
bbva méxico,Vista,EUR,4050360.44,1,"October 19, 2015",Cristobal Miguel Ángel Armenta Mayorga
walmart de méxico,Vista,EUR,1766901.58,1,"July 29, 2017",Gloria Otero Sáenz
pemex,CEDE,USD,1687317.35,349,09-Apr-2017,Rosalia Flores
pemex,Vista,MXN,1946483.96,1,2021-10-28,Micaela Velásquez
grupo bimbo,CEDE,EUR,1464638.65,527,02/11/2021,Ing. Asunción Alemán
LIVERPOOL,Vista,MXN,3950540.31,1,18/02/2018,Samuel Yuridia Huerta
WALMART DE MÉXICO,CEDE,EUR,1516818.34,143,01-Dec-2021,Alejandra Susana Rodríguez Muro
AMÉRICA MÓVIL,Plazo,EUR,2067492.51,612,12/11/2015,Humberto Palomo
grupo méxico,Plazo,EUR,4216142.95,118,27-Dec-2020,Gabino Mariano Laureano Puente
telmex,Vista,MXN,4035951.49,1,30/04/2017,Humberto Núñez
femsa,Vista,EUR,4998562.41,1,"June 02, 2017",Fernando Cervantes Caballero
bbva méxico,Plazo,MXN,955550.8,52,09-Jul-2025,Alfonso Natalia Sevilla
grupo méxico,CEDE,MXN,3268714.63,286,2021-05-11,Ing. Pedro Frías
CEMEX,Vista,EUR,1437657.98,1,2022-08-22,Clara Cristobal Barreto Márquez
AMÉRICA MÓVIL,Vista,MXN,127124.35,1,"November 26, 2022",Fernando Cervantes Caballero
AMÉRICA MÓVIL,Plazo,EUR,1819465.53,474,27/08/2022,Víctor Judith Leal Chapa
bbva méxico,Plazo,MXN,2015451.62,218,20-Feb-2016,Dr. Virginia Pelayo
grupo bimbo,Vista,EUR,3381762.74,1,"November 13, 2022",Tania Homero Alonso
GRUPO LALA,Vista,MXN,876432.04,1,"November 30, 2022",Espartaco Feliciano
américa móvil,Plazo,MXN,928142.21,662,23-Feb-2018,Alejandro Manuel Pantoja Olivo
GRUPO BIMBO,Vista,EUR,141948.92,1,2022-12-01,Francisco Bustos Nájera
grupo lala,Plazo,MXN,4536401.14,488,"November 11, 2018",Ing. Pedro Frías
cemex,CEDE,MXN,4725400.33,566,"January 01, 2020",Liliana Adela Castro
grupo carso,CEDE,USD,4255178.45,57,22/07/2018,Irma Tomás Alfaro
AMÉRICA MÓVIL,Plazo,MXN,2980977.56,108,28/04/2020,Francisco Bustos Nájera
BANORTE,CEDE,USD,434165.81,146,21/07/2020,Mauricio Ybarra
LIVERPOOL,Plazo,MXN,715902.0,572,2025-07-02,Concepción Pedroza Ruelas
FEMSA,Plazo,USD,955398.21,225,2023-08-04,Concepción Pedroza Ruelas
walmart de méxico,Vista,USD,145056.11,1,24/09/2023,Fernando Cervantes Caballero
TELMEX,CEDE,USD,714169.69,181,"March 12, 2023",Lic. Gilberto Camacho
GRUPO LALA,Plazo,USD,4894639.37,184,19/03/2018,Óscar González Griego
BBVA MÉXICO,Plazo,USD,2858688.35,457,19/09/2019,Lic. Gilberto Camacho
bbva méxico,CEDE,MXN,442452.51,601,15-Sep-2015,Alfonso Natalia Sevilla
walmart de méxico,Vista,MXN,4401377.76,1,16-Jun-2019,Óscar González Griego
GRUPO MÉXICO,Vista,USD,3809774.08,1,22/05/2020,Daniel Nadia Camacho
grupo carso,Vista,MXN,1050120.03,1,2023-04-25,Mauricio Ybarra
banorte,CEDE,MXN,1740846.48,636,31-Jan-2024,Lic. Gilberto Camacho
grupo carso,Plazo,EUR,1516692.49,230,19-Jan-2023,Homero Cristobal Romero Cortez
BANORTE,CEDE,EUR,4994224.03,518,05/01/2018,Fernando Rivera Maestas
grupo bimbo,Vista,USD,4864130.7,1,2023-03-21,Ing. Asunción Alemán
GRUPO CARSO,Vista,MXN,4925872.34,1,24/06/2019,Daniel Nadia Camacho
pemex,Plazo,EUR,3376837.62,421,26/09/2024,Fernando Cervantes Caballero
SORIANA,Plazo,USD,1499601.56,234,"May 06, 2017",Linda Isabela Zambrano
walmart de méxico,Plazo,USD,1300050.09,656,"November 03, 2018",Clara Cristobal Barreto Márquez
GRUPO LALA,CEDE,EUR,3817628.52,443,18-Feb-2019,Inés Castro
américa móvil,Plazo,USD,3915590.18,461,2018-12-25,Mercedes Pablo Sanabria
grupo méxico,Vista,EUR,1040425.18,1,29-Dec-2017,Linda Isabela Zambrano
LIVERPOOL,CEDE,MXN,2996857.49,150,13/07/2016,Víctor Judith Leal Chapa
femsa,Vista,MXN,516301.26,1,14-Jul-2024,Espartaco Feliciano
soriana,Vista,MXN,4520568.17,1,31/12/2024,Ing. Pedro Frías
grupo méxico,Vista,MXN,3107824.79,1,19/03/2023,Frida Heredia Merino
cemex,Plazo,MXN,4759044.3,251,31/03/2024,Víctor Judith Leal Chapa
alsea,Plazo,EUR,3541887.47,388,19-Mar-2025,Daniel Escobedo Alcántar
BBVA MÉXICO,Vista,MXN,4423412.38,1,2021-07-01,Humberto Núñez
GRUPO LALA,Plazo,EUR,4461478.72,122,"June 25, 2025",Luis Manuel Ana María Vera Domínguez
grupo bimbo,Plazo,MXN,314246.08,666,14/07/2024,Juana Antonia Lira Samaniego
cemex,CEDE,USD,2679879.39,646,11/09/2022,Daniel Nadia Camacho
cemex,CEDE,MXN,4170740.95,338,24/08/2021,Liliana Adela Castro
LIVERPOOL,Vista,MXN,4189287.62,1,23/12/2019,Cornelio Serafín Concepción Delgado
PEMEX,Vista,MXN,2707977.38,1,"October 03, 2017",Eloisa Salinas Aguilar
américa móvil,Plazo,EUR,2976038.48,410,29/12/2015,Dr. Virginia Pelayo
CEMEX,Plazo,MXN,2964090.74,677,2022-12-10,Rosalia Flores
LIVERPOOL,Plazo,MXN,4951638.45,505,29/10/2015,Humberto Palomo
TELMEX,Vista,MXN,541083.24,1,30-Jul-2016,Espartaco Feliciano
LIVERPOOL,Plazo,USD,3255066.41,662,2016-09-17,Mercedes Pablo Sanabria
GRUPO LALA,Vista,EUR,3571970.28,1,2016-10-20,Gloria Otero Sáenz
grupo bimbo,Plazo,EUR,1039308.58,224,2016-06-27,Víctor Durán de la Crúz
grupo méxico,CEDE,EUR,4981141.81,185,2016-12-11,Óscar González Griego
BBVA MÉXICO,Plazo,USD,1408219.91,114,"January 17, 2024",Fernando Rivera Maestas
banorte,Vista,USD,1444630.13,1,07/07/2019,Alejandro Manuel Pantoja Olivo
telmex,Plazo,MXN,2616228.46,365,"August 06, 2017",Frida Heredia Merino
grupo méxico,Plazo,MXN,4313440.35,515,2025-05-11,Óscar González Griego
CEMEX,Vista,MXN,153186.04,1,"February 24, 2022",Anabel Anel Quintanilla
grupo bimbo,CEDE,USD,3025266.08,145,29-Dec-2015,Ruby Alma Ulloa Puente
LIVERPOOL,CEDE,EUR,1029994.2,60,2018-02-17,Tania Homero Alonso
grupo bimbo,Plazo,MXN,3349662.69,471,2021-04-12,Alfonso Natalia Sevilla
cemex,CEDE,EUR,1951973.34,603,"September 27, 2019",Ing. Asunción Alemán
grupo bimbo,Vista,MXN,1512176.13,1,2018-11-23,Francisco Bustos Nájera
TELMEX,CEDE,MXN,2431172.38,352,08-Oct-2017,Fernando Cervantes Caballero
TELMEX,Vista,EUR,1127198.45,1,2021-05-12,Ing. Pedro Frías
BBVA MÉXICO,CEDE,USD,2710743.16,218,"November 25, 2024",Tania Homero Alonso
BANORTE,Plazo,USD,2629478.53,218,"February 17, 2019",Víctor Judith Leal Chapa
PEMEX,CEDE,EUR,84470.9,413,2015-11-25,Alejandra Susana Rodríguez Muro
ALSEA,Plazo,EUR,4756608.38,105,28/02/2018,Cornelio Serafín Concepción Delgado
CEMEX,CEDE,MXN,757694.65,626,04-Jun-2022,Ing. Asunción Alemán
LIVERPOOL,Vista,EUR,123756.85,1,"April 17, 2016",Ivonne Cristian Crespo
walmart de méxico,Vista,USD,677910.87,1,06-Oct-2019,Ing. Asunción Alemán
FEMSA,Plazo,USD,1455881.83,628,17-Apr-2016,Óscar González Griego
banorte,Vista,MXN,2946200.69,1,"June 23, 2016",Dr. Virginia Pelayo
femsa,Vista,USD,846135.92,1,23/11/2015,Mercedes Pablo Sanabria
CEMEX,Vista,USD,484028.91,1,"December 31, 2023",Homero Cristobal Romero Cortez
liverpool,Vista,MXN,3327668.94,1,2022-08-15,Espartaco Feliciano
soriana,Plazo,USD,3950928.56,34,"September 03, 2023",Marco Antonio Esther Tamez Ponce
grupo carso,Plazo,USD,3893370.88,205,"December 23, 2021",Alfonso Natalia Sevilla
telmex,Plazo,EUR,2830276.2,330,21-Apr-2025,Daniel Nadia Camacho
femsa,CEDE,EUR,685506.11,686,2016-04-26,Liliana Adela Castro
CEMEX,CEDE,MXN,3436189.75,266,31-May-2016,Micaela Velásquez
soriana,Plazo,MXN,1389076.84,671,"August 25, 2022",Ing. Pedro Frías
SORIANA,Plazo,MXN,4725155.29,476,14-May-2018,Cristobal Miguel Ángel Armenta Mayorga
PEMEX,Plazo,EUR,2826973.4,269,17-Aug-2020,Clara Cristobal Barreto Márquez
américa móvil,CEDE,EUR,1332834.76,608,21/10/2023,Víctor Durán de la Crúz
TELMEX,Plazo,EUR,1583519.61,619,"March 21, 2017",Francisco Bustos Nájera
LIVERPOOL,CEDE,MXN,2527897.53,118,"October 13, 2024",Alejandra Susana Rodríguez Muro
SORIANA,Plazo,USD,2339669.47,661,29-Jul-2018,Ing. Asunción Alemán
walmart de méxico,Plazo,EUR,1507890.33,270,28/12/2022,Luis Manuel Ana María Vera Domínguez
alsea,CEDE,USD,2322722.8,133,22/09/2023,Dr. Carlos Narváez
GRUPO BIMBO,Plazo,EUR,4915966.31,157,29/08/2024,Fernando Cervantes Caballero
grupo méxico,Plazo,MXN,4341215.51,533,28/09/2018,Sr(a). Salma Esquivel
bbva méxico,CEDE,MXN,4664047.64,54,2016-09-11,Camila Ortega Nazario
grupo carso,Plazo,MXN,1240741.02,453,28-Oct-2021,Irma Tomás Alfaro
CEMEX,Vista,MXN,2365112.64,1,28-May-2016,Helena Durán
LIVERPOOL,CEDE,EUR,4960585.26,265,30/12/2021,Humberto Núñez
walmart de méxico,Vista,USD,2952100.87,1,2020-09-21,Guillermo Cristian Hernandes
grupo carso,CEDE,MXN,3701682.84,474,2024-09-29,Humberto Palomo
LIVERPOOL,CEDE,USD,1274798.29,247,"July 16, 2017",Irma Tomás Alfaro
femsa,Vista,MXN,2928877.51,1,2023-12-06,Mercedes Pablo Sanabria
FEMSA,Vista,EUR,2715133.91,1,20/06/2021,Ivonne Cristian Crespo
femsa,Plazo,EUR,3797342.82,43,"September 14, 2019",Lic. Gilberto Camacho
telmex,Vista,USD,3406612.49,1,08-Jun-2016,Dr. Virginia Pelayo
grupo lala,Vista,MXN,722730.43,1,2020-01-30,Cornelio Serafín Concepción Delgado
pemex,Plazo,USD,1799432.49,41,"August 09, 2019",Frida Heredia Merino
TELMEX,Plazo,EUR,3044668.03,341,"February 26, 2025",Mercedes Pablo Sanabria
bbva méxico,Vista,MXN,3651454.85,1,06/06/2024,Alejandra Susana Rodríguez Muro
LIVERPOOL,Vista,EUR,2484380.79,1,"April 07, 2016",Gabino Mariano Laureano Puente
pemex,Plazo,EUR,1476085.79,584,16/01/2017,Irma Tomás Alfaro
TELMEX,Vista,EUR,3391529.41,1,"October 11, 2022",Marco Antonio Esther Tamez Ponce
grupo méxico,Vista,MXN,2115139.23,1,"April 09, 2018",Víctor Durán de la Crúz
PEMEX,Vista,USD,1035490.41,1,"September 08, 2019",Eloisa Salinas Aguilar
grupo bimbo,Vista,EUR,3615194.42,1,"September 07, 2015",Óscar González Griego
grupo bimbo,CEDE,EUR,166126.64,123,2018-03-28,Daniel Nadia Camacho
GRUPO BIMBO,Vista,MXN,2384820.24,1,29-Jan-2017,Clara Cristobal Barreto Márquez
soriana,CEDE,EUR,3853455.65,295,15/02/2019,Gabino Mariano Laureano Puente
LIVERPOOL,CEDE,EUR,2943805.92,243,2023-01-03,Clara Cristobal Barreto Márquez
BANORTE,Plazo,EUR,299259.35,691,2018-03-20,Rosalia Flores
BANORTE,CEDE,USD,124371.2,631,06/12/2023,Concepción Pedroza Ruelas
LIVERPOOL,Vista,USD,346859.18,1,17-Jan-2025,Inés Castro
SORIANA,Vista,MXN,1658920.79,1,"February 12, 2024",Mauricio Ybarra
WALMART DE MÉXICO,Vista,USD,4886681.07,1,2019-10-10,Camila Ortega Nazario
américa móvil,CEDE,MXN,3779547.0,460,14/11/2024,Mercedes Pablo Sanabria
alsea,Plazo,MXN,2373039.35,443,"January 10, 2017",Víctor Judith Leal Chapa
alsea,Vista,USD,4741628.61,1,20-Jul-2016,Liliana Adela Castro
GRUPO MÉXICO,CEDE,USD,2776523.69,598,30/10/2016,Fernando Rivera Maestas
GRUPO MÉXICO,Plazo,MXN,3925691.03,281,07/02/2018,Rosalia Flores
AMÉRICA MÓVIL,CEDE,MXN,1074985.55,379,13-Sep-2020,Anabel Anel Quintanilla
cemex,Vista,MXN,2277200.31,1,"March 08, 2025",Víctor Judith Leal Chapa
bbva méxico,Plazo,MXN,357109.24,91,23/12/2018,Ruby Alma Ulloa Puente
banorte,Plazo,MXN,4242562.14,442,31/12/2015,Gabino Mariano Laureano Puente
grupo carso,Vista,USD,908679.27,1,18-Mar-2018,Homero Cristobal Romero Cortez
walmart de méxico,CEDE,USD,3385665.27,561,30-Jun-2021,Dr. Virginia Pelayo
soriana,Plazo,MXN,4358764.27,599,"December 13, 2019",Gloria Otero Sáenz
BANORTE,Vista,EUR,79095.27,1,2025-07-12,Gloria Otero Sáenz
LIVERPOOL,CEDE,USD,1597723.76,336,"May 05, 2021",Mercedes Pablo Sanabria
TELMEX,CEDE,EUR,4370170.66,278,2016-01-05,Víctor Judith Leal Chapa
GRUPO BIMBO,Vista,USD,1613363.74,1,07-Nov-2018,Linda Isabela Zambrano
banorte,CEDE,USD,1660355.67,80,2021-12-10,Samuel Yuridia Huerta
FEMSA,Vista,EUR,2116212.65,1,02/07/2020,Francisco Bustos Nájera
BANORTE,Vista,USD,1485693.63,1,2020-05-16,Dr. Carlos Narváez
FEMSA,Vista,USD,1908357.06,1,2025-01-13,Homero Cristobal Romero Cortez
GRUPO MÉXICO,CEDE,USD,566874.6,426,2022-05-24,Mercedes Pablo Sanabria
walmart de méxico,Vista,MXN,2073061.48,1,20-Oct-2018,Humberto Núñez
femsa,Plazo,MXN,2895040.81,237,"July 06, 2018",Linda Isabela Zambrano
BANORTE,Plazo,MXN,451978.82,348,11/09/2015,Ivonne Cristian Crespo
femsa,Vista,EUR,1582785.35,1,"September 03, 2021",Sr(a). Salma Esquivel
GRUPO LALA,Vista,EUR,4045249.13,1,11/12/2015,Camila Ortega Nazario
soriana,Plazo,USD,141326.23,253,13/02/2023,Linda Isabela Zambrano
bbva méxico,Plazo,EUR,1115450.76,135,"April 10, 2016",Humberto Palomo
SORIANA,Vista,MXN,306016.4,1,25/03/2021,Samuel Yuridia Huerta
BANORTE,CEDE,USD,394225.17,218,2016-08-07,Anabel Anel Quintanilla
liverpool,CEDE,MXN,2656715.57,460,10-Mar-2025,Irma Tomás Alfaro
BANORTE,CEDE,MXN,236064.32,510,"January 02, 2024",Fernando Rivera Maestas
pemex,Vista,MXN,2852065.95,1,25/10/2022,Linda Isabela Zambrano
bbva méxico,Plazo,EUR,4055887.52,324,"March 02, 2024",Dr. Carlos Narváez
TELMEX,Vista,EUR,1192517.58,1,13/01/2017,Ing. Pedro Frías
pemex,Vista,USD,2081378.36,1,"May 11, 2018",Espartaco Feliciano
LIVERPOOL,CEDE,USD,108262.66,708,2018-11-09,Ivonne Cristian Crespo
TELMEX,CEDE,EUR,362902.9,473,2021-03-29,Ing. Asunción Alemán
banorte,Vista,USD,4749628.41,1,2020-01-08,Gloria Otero Sáenz
GRUPO MÉXICO,Plazo,USD,3930356.8,392,30/08/2019,Liliana Adela Castro
grupo carso,Plazo,EUR,576568.84,342,31/12/2020,Espartaco Feliciano
grupo bimbo,CEDE,USD,3256415.74,40,23-Jun-2017,Dr. Virginia Pelayo
alsea,CEDE,MXN,777079.78,573,"June 07, 2016",Sofía de la Rosa
CEMEX,Vista,MXN,728431.35,1,"February 05, 2022",Ruby Alma Ulloa Puente
CEMEX,Plazo,USD,3520089.11,287,"August 20, 2024",Camila Ortega Nazario
FEMSA,Vista,EUR,4919192.13,1,31-Jul-2016,Francisco Bustos Nájera
walmart de méxico,Plazo,EUR,470994.32,403,2022-05-09,Sandra Rodolfo Amador
FEMSA,Vista,EUR,4323494.5,1,28-Oct-2019,Alejandra Susana Rodríguez Muro
liverpool,CEDE,USD,4983438.73,85,14-Mar-2021,Sofía de la Rosa
GRUPO LALA,Vista,MXN,2900347.58,1,2021-03-19,Rosalia Flores
banorte,Plazo,MXN,1595029.34,545,27-Jul-2020,Ruby Alma Ulloa Puente
banorte,Vista,USD,3473546.07,1,"February 22, 2017",Eloisa Salinas Aguilar
AMÉRICA MÓVIL,Plazo,MXN,938251.06,510,2016-07-21,Linda Isabela Zambrano
liverpool,Plazo,MXN,4163192.05,254,2018-04-18,Ing. Asunción Alemán
FEMSA,CEDE,USD,4650974.44,94,24/04/2020,Ivonne Cristian Crespo
SORIANA,Vista,MXN,165391.34,1,2017-07-29,Víctor Durán de la Crúz
américa móvil,Plazo,EUR,2644242.02,205,2017-09-22,Ing. Pedro Frías
GRUPO CARSO,Vista,MXN,2775731.08,1,2020-05-03,Micaela Velásquez
FEMSA,Plazo,USD,1967320.26,687,"September 22, 2017",Sandra Rodolfo Amador
grupo lala,Vista,MXN,3055317.03,1,2022-11-07,Alejandro Manuel Pantoja Olivo
PEMEX,CEDE,EUR,1325478.39,482,19/07/2023,Guillermo Cristian Hernandes
CEMEX,Vista,MXN,1804722.54,1,18-Oct-2018,Eloisa Salinas Aguilar
TELMEX,Vista,MXN,1910276.79,1,2022-03-02,Samuel Yuridia Huerta
PEMEX,CEDE,MXN,3196589.16,212,"October 29, 2021",Micaela Velásquez
GRUPO LALA,Vista,USD,2627767.4,1,12/01/2018,Víctor Judith Leal Chapa
SORIANA,Plazo,MXN,4866114.05,218,2021-04-18,Mauricio Ybarra
SORIANA,Vista,USD,232046.32,1,2024-02-14,Tania Homero Alonso
liverpool,Plazo,EUR,3312245.67,495,14/08/2024,Víctor Judith Leal Chapa
ALSEA,Plazo,EUR,2724184.87,648,2024-08-03,Ivonne Cristian Crespo
banorte,Vista,USD,3626935.38,1,2025-07-02,Homero Cristobal Romero Cortez
PEMEX,Vista,MXN,2890282.72,1,05/09/2022,Ruby Alma Ulloa Puente
BBVA MÉXICO,Vista,USD,3521763.8,1,"November 30, 2017",Linda Isabela Zambrano
AMÉRICA MÓVIL,Vista,EUR,2845246.16,1,"July 13, 2023",Rosalia Flores
LIVERPOOL,Vista,EUR,1784741.4,1,10/02/2018,Dr. Virginia Pelayo
soriana,Plazo,MXN,1193932.4,109,2018-09-14,Alejandra Susana Rodríguez Muro
walmart de méxico,CEDE,MXN,4059617.44,172,12-Dec-2016,Sr(a). Salma Esquivel
pemex,Vista,MXN,854226.09,1,2017-03-23,Fernando Cervantes Caballero
grupo lala,CEDE,MXN,2946434.61,332,"March 05, 2016",Víctor Judith Leal Chapa
TELMEX,Vista,MXN,920164.05,1,"September 02, 2018",Anabel Anel Quintanilla
telmex,Vista,USD,4404775.49,1,"July 11, 2018",Gabino Mariano Laureano Puente
LIVERPOOL,Plazo,MXN,2264956.87,714,2022-03-10,Alejandro Manuel Pantoja Olivo
walmart de méxico,Vista,USD,2809980.27,1,04-Sep-2016,Daniel Nadia Camacho
GRUPO LALA,Vista,EUR,2847303.88,1,2018-08-05,Daniel Nadia Camacho
CEMEX,CEDE,USD,2083764.8,158,03-Jan-2020,Ruby Alma Ulloa Puente
alsea,Vista,MXN,3323183.77,1,2022-10-12,Dr. Carlos Narváez
liverpool,Plazo,USD,2367329.77,423,2021-02-13,Camila Ortega Nazario
pemex,CEDE,EUR,1732572.73,651,26-Sep-2018,Espartaco Feliciano
américa móvil,Vista,EUR,343818.47,1,02/11/2017,Eloisa Salinas Aguilar
WALMART DE MÉXICO,CEDE,USD,585562.99,134,"November 19, 2016",Óscar González Griego
grupo lala,CEDE,MXN,871391.24,263,2024-05-05,Daniel Nadia Camacho
grupo lala,Vista,USD,333185.62,1,17/12/2022,Marco Antonio Esther Tamez Ponce
TELMEX,Plazo,MXN,3254433.07,453,18-Nov-2022,Óscar González Griego
GRUPO BIMBO,Plazo,USD,2572400.83,120,2021-12-21,Sr(a). Salma Esquivel
GRUPO MÉXICO,CEDE,EUR,4948232.0,130,2021-10-19,Dr. Virginia Pelayo
bbva méxico,CEDE,USD,609365.5,247,15/05/2018,Humberto Palomo
grupo lala,CEDE,USD,962772.36,280,11/12/2017,Fernando Cervantes Caballero
femsa,Plazo,USD,4229327.39,679,29/03/2019,Sr(a). Salma Esquivel
BBVA MÉXICO,CEDE,USD,4169437.47,52,29/12/2019,Camila Ortega Nazario
soriana,CEDE,MXN,4967965.37,103,01/07/2023,Mercedes Pablo Sanabria
BANORTE,CEDE,MXN,922095.19,186,13-Aug-2024,Alejandra Susana Rodríguez Muro
cemex,CEDE,EUR,2210070.32,395,03/04/2023,Juana Antonia Lira Samaniego
américa móvil,Plazo,USD,3128760.31,413,"March 31, 2024",Homero Cristobal Romero Cortez
GRUPO LALA,Plazo,EUR,2879856.72,437,20-Dec-2021,Luis Manuel Ana María Vera Domínguez
ALSEA,Plazo,EUR,1563890.94,574,12-Aug-2025,Mercedes Pablo Sanabria
femsa,CEDE,EUR,4730286.93,475,"March 07, 2020",Alfonso Natalia Sevilla
pemex,CEDE,MXN,1008017.29,305,31-Aug-2018,Samuel Yuridia Huerta
américa móvil,Plazo,EUR,111964.16,238,22/01/2016,Víctor Durán de la Crúz
cemex,Plazo,USD,3876401.35,139,2018-05-11,Cristobal Miguel Ángel Armenta Mayorga
WALMART DE MÉXICO,Vista,USD,4457795.73,1,20/08/2018,Micaela Velásquez
PEMEX,CEDE,MXN,1830636.67,407,10/09/2024,Cornelio Serafín Concepción Delgado
pemex,CEDE,MXN,2594738.79,429,03/02/2018,Concepción Pedroza Ruelas
LIVERPOOL,Plazo,USD,1943799.09,41,2017-09-18,Francisco Bustos Nájera
américa móvil,CEDE,MXN,1596344.43,663,06-Apr-2019,Francisco Bustos Nájera
BANORTE,Vista,MXN,4691149.88,1,2016-09-16,Alejandro Manuel Pantoja Olivo
PEMEX,Plazo,EUR,1394809.66,175,28/06/2021,Espartaco Feliciano
SORIANA,CEDE,USD,1276552.22,280,18-Nov-2015,Linda Isabela Zambrano
femsa,Plazo,EUR,2308506.55,516,28-Jan-2025,Rosalia Flores
grupo carso,Plazo,MXN,1341657.99,267,2019-12-08,Micaela Velásquez
walmart de méxico,Plazo,USD,387696.85,426,"November 26, 2021",Anabel Anel Quintanilla
CEMEX,Plazo,USD,2718916.84,277,2022-06-30,Humberto Núñez
soriana,CEDE,MXN,3566135.94,599,09-Dec-2021,Marco Antonio Esther Tamez Ponce
LIVERPOOL,Plazo,USD,1077261.46,481,28-Feb-2022,Ruby Alma Ulloa Puente
femsa,Plazo,EUR,2576488.9,719,"June 23, 2016",Liliana Adela Castro
PEMEX,Vista,EUR,3799890.4,1,04/06/2017,Ivonne Cristian Crespo
banorte,Plazo,EUR,58791.54,203,09/03/2020,Samuel Yuridia Huerta
AMÉRICA MÓVIL,CEDE,EUR,624677.78,405,21-Jul-2016,Fernando Rivera Maestas
walmart de méxico,Plazo,EUR,2187724.79,282,14/09/2021,Concepción Pedroza Ruelas
GRUPO MÉXICO,CEDE,USD,1228073.19,313,"October 10, 2024",Sandra Rodolfo Amador
BANORTE,Vista,EUR,305125.78,1,2022-10-31,Rosalia Flores
BANORTE,CEDE,EUR,1248954.62,681,09/02/2018,Eloisa Salinas Aguilar
walmart de méxico,Vista,USD,614725.01,1,31/08/2020,Mercedes Pablo Sanabria
TELMEX,Vista,USD,3449351.13,1,"August 10, 2024",Sofía de la Rosa
soriana,CEDE,EUR,4366246.79,217,13-Mar-2025,Óscar González Griego
CEMEX,Plazo,USD,3558510.06,407,2018-04-20,Camila Ortega Nazario
alsea,CEDE,MXN,3244420.48,472,"April 17, 2023",Lic. Gilberto Camacho
CEMEX,Vista,EUR,3204377.62,1,"October 05, 2016",Humberto Palomo
alsea,CEDE,MXN,2765659.42,346,2020-10-22,Ing. Pedro Frías
FEMSA,CEDE,USD,749606.66,452,03-Jan-2019,Cristobal Miguel Ángel Armenta Mayorga
grupo bimbo,CEDE,EUR,3474298.42,686,15-Feb-2023,Daniel Nadia Camacho
grupo lala,CEDE,USD,351513.78,522,"February 25, 2023",Dr. Virginia Pelayo
soriana,CEDE,MXN,2124513.34,299,13-Apr-2018,Luis Manuel Ana María Vera Domínguez
CEMEX,Vista,USD,1326998.43,1,14/04/2022,Cristobal Miguel Ángel Armenta Mayorga
liverpool,CEDE,EUR,4138633.55,359,16/11/2017,Lic. Gilberto Camacho
cemex,Plazo,USD,4790825.5,716,02-Mar-2020,Mercedes Pablo Sanabria
grupo bimbo,CEDE,EUR,2931820.27,331,"May 21, 2019",Tania Homero Alonso
GRUPO BIMBO,CEDE,USD,3229684.72,469,2025-02-12,Francisco Bustos Nájera
LIVERPOOL,Plazo,MXN,3757428.5,549,04-Feb-2025,Sr(a). Salma Esquivel
femsa,CEDE,USD,1639874.11,271,"March 22, 2016",Gabino Mariano Laureano Puente
grupo méxico,Vista,EUR,3171418.26,1,"June 22, 2019",Clara Cristobal Barreto Márquez
américa móvil,CEDE,EUR,2909632.14,585,"May 14, 2021",Marco Antonio Esther Tamez Ponce
GRUPO BIMBO,Plazo,MXN,1465641.88,463,24/11/2023,Sr(a). Salma Esquivel
femsa,Plazo,EUR,1933253.37,419,20-Jul-2022,Ing. Pedro Frías
TELMEX,Plazo,USD,2068769.42,398,28/07/2020,Samuel Yuridia Huerta
walmart de méxico,Vista,USD,1093414.66,1,04-Mar-2024,Liliana Adela Castro
CEMEX,CEDE,EUR,4880380.85,406,09/02/2023,Frida Heredia Merino
WALMART DE MÉXICO,Plazo,EUR,2031327.46,460,"January 14, 2023",Eloisa Salinas Aguilar
WALMART DE MÉXICO,Vista,USD,3331136.06,1,2023-10-20,Daniel Escobedo Alcántar
grupo bimbo,CEDE,USD,173409.24,557,"October 10, 2015",Espartaco Feliciano
PEMEX,Plazo,EUR,3817342.79,39,30-Dec-2022,Gabino Mariano Laureano Puente
GRUPO LALA,Vista,EUR,2979320.14,1,2019-10-26,Tania Homero Alonso
alsea,Plazo,USD,798811.29,38,11-Jul-2021,Micaela Velásquez
LIVERPOOL,Vista,EUR,538033.33,1,2016-06-27,Juana Antonia Lira Samaniego
grupo lala,CEDE,USD,1420130.43,503,"September 27, 2024",Rosalia Flores
liverpool,CEDE,USD,3194892.65,257,24/05/2016,Ing. Pedro Frías
FEMSA,Vista,USD,858802.34,1,27-Oct-2018,Alejandro Manuel Pantoja Olivo
GRUPO MÉXICO,Plazo,MXN,4850273.33,324,"July 05, 2021",Alfonso Natalia Sevilla
bbva méxico,CEDE,MXN,933484.85,178,02/09/2024,Óscar González Griego
soriana,CEDE,EUR,3412712.97,123,21-Oct-2023,Alejandro Manuel Pantoja Olivo
WALMART DE MÉXICO,Plazo,EUR,4936736.28,541,06/08/2017,Mercedes Pablo Sanabria
GRUPO LALA,Vista,USD,3093696.64,1,2020-08-15,Linda Isabela Zambrano
femsa,CEDE,EUR,3722430.23,37,06/11/2016,Alejandro Manuel Pantoja Olivo
grupo méxico,Plazo,EUR,4667709.85,323,2022-12-15,Óscar González Griego
walmart de méxico,CEDE,MXN,1078546.76,616,2021-08-28,Humberto Núñez
banorte,Vista,MXN,4527648.32,1,"April 14, 2016",Fernando Cervantes Caballero
SORIANA,CEDE,USD,2977227.08,510,06-Jul-2020,Eloisa Salinas Aguilar
GRUPO BIMBO,Vista,USD,3591692.65,1,2021-11-05,Alejandro Manuel Pantoja Olivo
ALSEA,CEDE,USD,3185605.9,264,2022-08-21,Juana Antonia Lira Samaniego
GRUPO LALA,Vista,USD,4010704.55,1,"September 08, 2017",Víctor Durán de la Crúz
GRUPO CARSO,CEDE,EUR,3528385.07,415,2020-09-16,Cristobal Miguel Ángel Armenta Mayorga
LIVERPOOL,CEDE,EUR,1953250.61,190,07-Sep-2017,Linda Isabela Zambrano
GRUPO MÉXICO,Plazo,EUR,4035766.46,508,15-Mar-2017,Cristobal Miguel Ángel Armenta Mayorga
TELMEX,Vista,EUR,3703267.63,1,20/12/2017,Gabino Mariano Laureano Puente
grupo méxico,Vista,MXN,4801703.28,1,"June 01, 2016",Gabino Mariano Laureano Puente
BANORTE,Plazo,MXN,3894392.13,449,16-Oct-2015,Daniel Escobedo Alcántar
américa móvil,Vista,EUR,3826761.03,1,02/01/2023,Fernando Rivera Maestas
grupo méxico,Plazo,MXN,1075650.18,715,"June 24, 2017",Fernando Rivera Maestas
FEMSA,Vista,MXN,2936960.71,1,2023-11-07,Humberto Núñez
LIVERPOOL,Vista,USD,4679580.46,1,20/12/2024,Ruby Alma Ulloa Puente
LIVERPOOL,Plazo,USD,3260993.59,445,01/09/2024,Ing. Pedro Frías
américa móvil,CEDE,EUR,2736767.66,363,2019-02-14,Alejandra Susana Rodríguez Muro
grupo lala,CEDE,MXN,4109062.85,681,"February 21, 2020",Sandra Rodolfo Amador
grupo lala,Plazo,USD,1952106.01,151,30/05/2023,Alfonso Natalia Sevilla
grupo carso,Vista,EUR,4263556.89,1,01-Oct-2024,Cornelio Serafín Concepción Delgado
cemex,Plazo,USD,1274963.25,158,06/05/2025,Mercedes Pablo Sanabria
BBVA MÉXICO,CEDE,USD,4220743.33,272,"June 08, 2022",Ivonne Cristian Crespo
GRUPO BIMBO,Plazo,USD,2721908.97,483,24/10/2020,Humberto Palomo
GRUPO MÉXICO,Vista,MXN,2019317.93,1,2020-11-23,Fernando Rivera Maestas
TELMEX,Plazo,USD,1810708.02,231,2021-08-22,Rosalia Flores
SORIANA,Vista,EUR,4693721.31,1,2016-01-06,Sofía de la Rosa
GRUPO CARSO,Vista,USD,4962671.81,1,2016-12-14,Ivonne Cristian Crespo
grupo carso,Vista,USD,981519.41,1,30-Apr-2017,Luis Manuel Ana María Vera Domínguez
grupo lala,Vista,EUR,1374400.76,1,"July 10, 2022",Víctor Judith Leal Chapa
liverpool,CEDE,MXN,140998.98,689,2018-06-11,Tania Homero Alonso
BANORTE,Plazo,EUR,1012958.17,259,2016-06-03,Óscar González Griego
LIVERPOOL,Vista,USD,4583693.96,1,"October 27, 2024",Frida Heredia Merino
AMÉRICA MÓVIL,Plazo,MXN,61563.46,418,"February 05, 2017",Concepción Pedroza Ruelas
GRUPO MÉXICO,Plazo,MXN,622522.7,36,17-Apr-2024,Rosalia Flores
cemex,Vista,MXN,241599.22,1,04-Apr-2016,Frida Heredia Merino
pemex,CEDE,EUR,391596.62,582,2016-12-18,Concepción Pedroza Ruelas
bbva méxico,Vista,EUR,233627.93,1,"September 02, 2017",Inés Castro
femsa,CEDE,EUR,2277552.35,583,"January 25, 2016",Alfonso Natalia Sevilla
américa móvil,Plazo,USD,1294740.19,450,03/02/2022,Ruby Alma Ulloa Puente
CEMEX,CEDE,EUR,1032019.46,384,29-Mar-2019,Rosalia Flores
pemex,Plazo,USD,2617543.27,512,2017-07-12,Dr. Carlos Narváez
FEMSA,Plazo,EUR,189577.58,622,31/05/2023,Alfonso Natalia Sevilla
cemex,Vista,USD,510835.16,1,"July 08, 2017",Espartaco Feliciano
américa móvil,Plazo,USD,4956164.55,279,"August 19, 2016",Dr. Virginia Pelayo
PEMEX,CEDE,USD,2761350.24,407,15-Aug-2019,Dr. Carlos Narváez
pemex,Vista,EUR,4871109.87,1,25-Jun-2021,Víctor Durán de la Crúz
GRUPO CARSO,Vista,EUR,2617138.58,1,23/09/2020,Víctor Durán de la Crúz
alsea,CEDE,EUR,1468634.87,57,2016-05-03,Víctor Durán de la Crúz
alsea,CEDE,EUR,2828716.07,374,2020-07-27,Linda Isabela Zambrano
PEMEX,Plazo,EUR,4886684.89,352,23/04/2024,Dr. Carlos Narváez
TELMEX,Vista,EUR,3018732.99,1,"December 20, 2016",Cristobal Miguel Ángel Armenta Mayorga
GRUPO MÉXICO,Plazo,MXN,2990148.52,514,05/06/2018,Ruby Alma Ulloa Puente
femsa,Vista,MXN,4805753.55,1,"November 18, 2015",Linda Isabela Zambrano
PEMEX,CEDE,MXN,4165833.39,106,05/06/2023,Irma Tomás Alfaro
américa móvil,Vista,MXN,3906712.71,1,22-Jul-2020,Francisco Bustos Nájera
américa móvil,Vista,USD,4570359.23,1,"March 03, 2019",Micaela Velásquez
FEMSA,Plazo,MXN,337431.01,348,2016-09-10,Helena Durán
liverpool,CEDE,MXN,1969560.31,57,2019-02-18,Mercedes Pablo Sanabria
AMÉRICA MÓVIL,CEDE,USD,1717881.88,481,2021-08-08,Sandra Rodolfo Amador
WALMART DE MÉXICO,CEDE,USD,4468854.7,569,2021-05-15,Guillermo Cristian Hernandes
alsea,Vista,MXN,2143735.44,1,"August 10, 2019",Marco Antonio Esther Tamez Ponce
PEMEX,CEDE,USD,1817588.24,131,"December 06, 2019",Dr. Carlos Narváez
GRUPO LALA,CEDE,EUR,3198948.21,622,13-May-2023,Alfonso Natalia Sevilla
GRUPO MÉXICO,Vista,USD,3226567.46,1,"January 22, 2025",Linda Isabela Zambrano
cemex,CEDE,MXN,2996545.99,702,"April 10, 2024",Ivonne Cristian Crespo
GRUPO LALA,CEDE,USD,97549.53,606,17-Sep-2022,Concepción Pedroza Ruelas
telmex,CEDE,EUR,76569.79,446,18-Feb-2022,Eloisa Salinas Aguilar
grupo bimbo,CEDE,USD,258586.03,462,27/09/2016,Óscar González Griego
SORIANA,Plazo,USD,4732204.33,529,09/11/2021,Guillermo Cristian Hernandes
grupo méxico,Vista,MXN,924122.73,1,07-Jun-2019,Frida Heredia Merino
GRUPO LALA,Vista,USD,683127.24,1,"February 11, 2016",Gabino Mariano Laureano Puente
GRUPO LALA,Plazo,MXN,4340119.82,653,25/06/2024,Fernando Rivera Maestas
walmart de méxico,Plazo,MXN,3356734.78,632,17/08/2020,Clara Cristobal Barreto Márquez
SORIANA,Vista,EUR,3008685.28,1,2024-07-22,Irma Tomás Alfaro
GRUPO BIMBO,Plazo,MXN,1878850.16,522,18-Feb-2024,Fernando Rivera Maestas
grupo lala,CEDE,EUR,2287112.86,431,"September 03, 2017",Frida Heredia Merino
GRUPO CARSO,CEDE,EUR,4118201.45,149,02-Jul-2017,Dr. Carlos Narváez
grupo lala,Plazo,USD,2918168.13,208,26/05/2021,Clara Cristobal Barreto Márquez
TELMEX,Vista,EUR,2264603.13,1,04-Jan-2020,Fernando Cervantes Caballero
telmex,Vista,MXN,1528528.99,1,"November 11, 2018",Alejandra Susana Rodríguez Muro
walmart de méxico,Plazo,EUR,2259431.55,246,29/10/2023,Daniel Nadia Camacho
TELMEX,CEDE,MXN,1500857.47,219,16/01/2024,Gloria Otero Sáenz
grupo bimbo,Vista,USD,79589.08,1,18/01/2017,Ing. Pedro Frías
WALMART DE MÉXICO,Vista,MXN,2762606.56,1,12/07/2020,Ing. Asunción Alemán
liverpool,Plazo,EUR,1975581.47,94,2017-11-08,Humberto Palomo
telmex,Plazo,USD,389028.34,268,"December 20, 2015",Marco Antonio Esther Tamez Ponce
walmart de méxico,Vista,EUR,692100.99,1,26/04/2019,Dr. Virginia Pelayo
LIVERPOOL,CEDE,MXN,362618.81,315,2015-08-29,Fernando Rivera Maestas
GRUPO CARSO,Vista,MXN,4510784.54,1,07/12/2024,Frida Heredia Merino
bbva méxico,CEDE,MXN,1173562.56,431,30-Jul-2025,Fernando Cervantes Caballero
grupo carso,Vista,USD,4611837.54,1,19/04/2016,Fernando Rivera Maestas
bbva méxico,Plazo,EUR,982970.87,168,02/11/2023,Daniel Escobedo Alcántar
américa móvil,Vista,USD,4006168.96,1,"March 08, 2020",Rosalia Flores
grupo bimbo,CEDE,EUR,1090304.94,503,24/07/2019,Daniel Nadia Camacho
femsa,CEDE,MXN,561965.75,276,2019-09-16,Alejandra Susana Rodríguez Muro
FEMSA,Vista,EUR,2864049.9,1,02/02/2022,Juana Antonia Lira Samaniego
SORIANA,Vista,MXN,541553.99,1,"May 24, 2019",Rosalia Flores
grupo lala,Plazo,EUR,2623464.13,689,20-Apr-2021,Tania Homero Alonso
LIVERPOOL,CEDE,USD,3322088.66,40,2021-06-18,Víctor Judith Leal Chapa
liverpool,CEDE,EUR,4330695.65,82,"February 11, 2016",Sr(a). Salma Esquivel
FEMSA,Vista,USD,4066487.76,1,16-Aug-2021,Alejandro Manuel Pantoja Olivo
WALMART DE MÉXICO,CEDE,USD,2442500.25,500,2017-07-16,Juana Antonia Lira Samaniego
alsea,Plazo,USD,4232232.11,259,20-Apr-2019,Fernando Cervantes Caballero
liverpool,Plazo,EUR,3190089.81,569,2017-04-27,Daniel Nadia Camacho
grupo carso,Vista,EUR,1735947.69,1,22-Feb-2025,Espartaco Feliciano
WALMART DE MÉXICO,CEDE,MXN,2358214.57,567,2024-03-12,Liliana Adela Castro
soriana,Plazo,MXN,2634996.29,492,2019-05-20,Ivonne Cristian Crespo
femsa,CEDE,EUR,1989948.57,616,11-Jun-2017,Concepción Pedroza Ruelas
femsa,CEDE,EUR,1807864.54,64,2018-03-29,Guillermo Cristian Hernandes
pemex,CEDE,USD,4212369.2,392,24/12/2024,Humberto Palomo
femsa,Vista,MXN,4825397.87,1,2019-03-11,Helena Durán
grupo bimbo,Vista,MXN,3638219.69,1,11/04/2016,Ing. Asunción Alemán
SORIANA,Plazo,USD,1859513.12,684,2019-08-06,Camila Ortega Nazario
LIVERPOOL,CEDE,MXN,354817.95,406,"December 21, 2024",Linda Isabela Zambrano
GRUPO BIMBO,Plazo,USD,3237986.1,158,2017-09-07,Mauricio Ybarra
LIVERPOOL,Vista,USD,493521.15,1,18-Aug-2023,Daniel Escobedo Alcántar
grupo bimbo,CEDE,MXN,3779431.47,363,02-May-2025,Frida Heredia Merino
grupo bimbo,Plazo,MXN,4009116.66,181,10/07/2017,Inés Castro
AMÉRICA MÓVIL,CEDE,MXN,3913385.17,154,21/04/2022,Gloria Otero Sáenz
grupo carso,Plazo,EUR,3276626.09,148,2020-04-15,Fernando Rivera Maestas
bbva méxico,CEDE,MXN,3086526.26,521,13/06/2018,Concepción Pedroza Ruelas
ALSEA,Vista,USD,3027865.55,1,24-Nov-2020,Frida Heredia Merino
grupo carso,Vista,USD,1637503.03,1,"March 07, 2020",Alfonso Natalia Sevilla
grupo bimbo,Vista,USD,1753034.13,1,12-Dec-2015,Micaela Velásquez
grupo méxico,Plazo,USD,1651648.23,641,23/12/2015,Tania Homero Alonso
grupo carso,Plazo,MXN,3798719.84,419,07-Nov-2016,Rosalia Flores
PEMEX,CEDE,USD,2637933.7,148,2020-07-07,Rosalia Flores
GRUPO BIMBO,CEDE,EUR,4701623.54,356,25-Jan-2020,Camila Ortega Nazario
bbva méxico,CEDE,USD,3188641.3,645,"March 01, 2025",Anabel Anel Quintanilla
grupo carso,CEDE,USD,2962566.4,75,2016-09-09,Alfonso Natalia Sevilla
WALMART DE MÉXICO,CEDE,USD,2724073.67,277,"February 28, 2017",Humberto Núñez
BANORTE,Plazo,USD,4302835.37,307,15/10/2020,Marco Antonio Esther Tamez Ponce
femsa,Plazo,MXN,4486569.2,374,12-Jul-2025,Espartaco Feliciano
soriana,Plazo,EUR,4792688.65,670,2021-06-01,Víctor Durán de la Crúz
ALSEA,Plazo,MXN,270139.94,148,2021-03-18,Alejandra Susana Rodríguez Muro
soriana,Plazo,USD,2864479.29,594,2024-05-30,Daniel Nadia Camacho
FEMSA,Vista,MXN,640175.14,1,26-Nov-2018,Gloria Otero Sáenz
telmex,Vista,USD,2141582.57,1,"December 22, 2016",Anabel Anel Quintanilla
GRUPO CARSO,Plazo,MXN,2844204.78,457,19/10/2020,Sr(a). Salma Esquivel
GRUPO MÉXICO,Vista,EUR,1199832.75,1,05/05/2024,Concepción Pedroza Ruelas
SORIANA,Plazo,EUR,3167507.25,234,"March 17, 2019",Camila Ortega Nazario
LIVERPOOL,Vista,USD,2449006.21,1,"September 06, 2018",Rosalia Flores
banorte,Plazo,USD,2674025.55,305,"October 30, 2017",Ivonne Cristian Crespo
grupo carso,CEDE,EUR,3028253.67,226,2022-05-04,Liliana Adela Castro
ALSEA,CEDE,MXN,2929600.58,613,24-May-2020,Mauricio Ybarra
grupo méxico,Plazo,USD,1275779.87,343,22/10/2015,Fernando Cervantes Caballero
femsa,Vista,EUR,2587013.91,1,09/08/2020,Rosalia Flores
femsa,CEDE,EUR,2746726.69,454,14-Dec-2016,Gloria Otero Sáenz
walmart de méxico,Vista,MXN,2556707.47,1,01-Dec-2019,Humberto Núñez
américa móvil,CEDE,USD,3160597.6,314,19-Mar-2018,Linda Isabela Zambrano
GRUPO BIMBO,Vista,MXN,1339027.93,1,06-Jul-2025,Espartaco Feliciano
alsea,CEDE,USD,2264192.76,102,26-Nov-2024,Mauricio Ybarra
pemex,CEDE,EUR,1136085.89,566,2018-07-03,Cornelio Serafín Concepción Delgado
femsa,Plazo,EUR,3687741.44,407,26-Oct-2021,Concepción Pedroza Ruelas
telmex,Plazo,MXN,2002146.82,354,16/11/2019,Marco Antonio Esther Tamez Ponce
CEMEX,CEDE,MXN,4820075.69,293,14-Sep-2020,Linda Isabela Zambrano
américa móvil,CEDE,EUR,4697042.86,302,22-Dec-2019,Ing. Asunción Alemán
walmart de méxico,CEDE,MXN,1487340.23,408,"January 03, 2017",Alejandro Manuel Pantoja Olivo
bbva méxico,Vista,EUR,4387774.77,1,02/03/2021,Dr. Carlos Narváez
GRUPO LALA,Plazo,USD,3016998.18,264,10/01/2024,Tania Homero Alonso
PEMEX,Vista,USD,4605798.09,1,2024-11-08,Fernando Rivera Maestas
BANORTE,Plazo,MXN,4529576.4,482,05-Sep-2018,Ivonne Cristian Crespo
liverpool,Vista,USD,67181.17,1,18-Nov-2018,Humberto Núñez
pemex,Plazo,USD,1212067.99,419,21/07/2020,Linda Isabela Zambrano
GRUPO LALA,CEDE,USD,4044944.54,239,26/03/2017,Gloria Otero Sáenz
PEMEX,CEDE,EUR,3610700.17,82,2015-11-07,Gloria Otero Sáenz
LIVERPOOL,Plazo,MXN,3572155.06,631,08-Apr-2024,Humberto Núñez
WALMART DE MÉXICO,CEDE,MXN,1639450.17,523,2022-02-08,Alfonso Natalia Sevilla
alsea,Plazo,MXN,2778135.06,196,26-Dec-2015,Anabel Anel Quintanilla
CEMEX,Vista,EUR,2260960.54,1,28-Jul-2025,Clara Cristobal Barreto Márquez
walmart de méxico,Vista,EUR,4755664.78,1,2019-01-10,Alejandra Susana Rodríguez Muro
bbva méxico,CEDE,USD,3817132.64,192,09-Jun-2018,Ing. Pedro Frías
américa móvil,Vista,USD,3711492.86,1,2023-01-21,Juana Antonia Lira Samaniego
grupo carso,CEDE,EUR,1104126.89,612,"January 30, 2016",Gloria Otero Sáenz
grupo carso,Plazo,USD,4389753.31,457,03-Mar-2016,Humberto Núñez
telmex,CEDE,EUR,3955570.37,252,2021-11-16,Ing. Pedro Frías
alsea,Vista,MXN,2718666.91,1,2024-11-29,Ing. Pedro Frías
GRUPO BIMBO,Vista,MXN,2524350.19,1,13/03/2022,Juana Antonia Lira Samaniego
GRUPO MÉXICO,CEDE,USD,3783980.1,465,"July 03, 2023",Víctor Judith Leal Chapa
soriana,Plazo,USD,526476.23,135,2025-03-28,Gloria Otero Sáenz
GRUPO LALA,Vista,MXN,2996323.83,1,2017-09-20,Daniel Escobedo Alcántar
LIVERPOOL,Vista,USD,2966810.54,1,"March 13, 2024",Lic. Gilberto Camacho
GRUPO BIMBO,CEDE,EUR,704444.67,207,28-May-2019,Ing. Pedro Frías
AMÉRICA MÓVIL,Plazo,EUR,4155606.67,669,14-Apr-2020,Ing. Pedro Frías
telmex,Vista,EUR,3159293.14,1,23-Dec-2018,Inés Castro
grupo carso,Plazo,USD,3660385.29,367,10/05/2018,Marco Antonio Esther Tamez Ponce
GRUPO MÉXICO,Vista,USD,3338255.5,1,2022-01-17,Humberto Palomo
GRUPO BIMBO,Vista,EUR,4217607.1,1,2018-08-17,Víctor Durán de la Crúz
grupo bimbo,Vista,MXN,2311691.73,1,03/06/2016,Sr(a). Salma Esquivel
CEMEX,Vista,EUR,438133.19,1,"October 17, 2019",Ruby Alma Ulloa Puente
alsea,Plazo,MXN,4172344.74,395,2018-11-24,Sr(a). Salma Esquivel
CEMEX,CEDE,USD,1752130.58,167,22/06/2019,Alfonso Natalia Sevilla
WALMART DE MÉXICO,CEDE,EUR,3796844.15,158,31/08/2018,Alejandra Susana Rodríguez Muro
alsea,CEDE,EUR,4187794.73,698,25/01/2021,Espartaco Feliciano
GRUPO LALA,CEDE,MXN,2682786.18,261,"November 14, 2016",Sr(a). Salma Esquivel
femsa,CEDE,EUR,3355365.37,686,"October 02, 2024",Ruby Alma Ulloa Puente
GRUPO LALA,CEDE,USD,3558057.78,579,19/02/2021,Marco Antonio Esther Tamez Ponce
banorte,CEDE,EUR,172379.35,455,"August 09, 2021",Francisco Bustos Nájera
LIVERPOOL,Plazo,EUR,382868.15,511,"June 21, 2022",Guillermo Cristian Hernandes
ALSEA,Plazo,USD,1015509.12,190,2021-02-12,Irma Tomás Alfaro
alsea,CEDE,USD,1480750.09,357,14/08/2019,Fernando Rivera Maestas
GRUPO LALA,Plazo,MXN,4847524.73,441,23/08/2016,Sandra Rodolfo Amador
BBVA MÉXICO,Plazo,USD,4098804.24,717,28-Nov-2016,Eloisa Salinas Aguilar
walmart de méxico,Plazo,USD,125717.94,239,19-Feb-2017,Humberto Núñez
banorte,Plazo,USD,883833.77,546,2020-07-20,Frida Heredia Merino
ALSEA,CEDE,MXN,175022.18,109,2022-10-30,Óscar González Griego
telmex,Plazo,USD,1451748.01,188,2020-12-31,Concepción Pedroza Ruelas
grupo bimbo,Vista,MXN,4309808.24,1,15-Mar-2022,Daniel Escobedo Alcántar
BANORTE,CEDE,MXN,2063246.63,689,2015-10-16,Micaela Velásquez
GRUPO CARSO,CEDE,EUR,3882955.99,57,2023-01-22,Irma Tomás Alfaro
cemex,Vista,EUR,484756.97,1,05-Sep-2015,Frida Heredia Merino
GRUPO LALA,Plazo,USD,3359587.32,701,"February 19, 2018",Sandra Rodolfo Amador
GRUPO MÉXICO,Vista,EUR,1045540.82,1,18/04/2017,Sofía de la Rosa
cemex,Plazo,MXN,2920206.08,667,11-Nov-2022,Anabel Anel Quintanilla
BANORTE,Plazo,USD,3745904.58,555,20/06/2018,Alejandro Manuel Pantoja Olivo
GRUPO LALA,CEDE,MXN,2684354.28,43,"April 16, 2019",Ruby Alma Ulloa Puente
grupo méxico,Vista,MXN,1889958.84,1,"July 11, 2019",Alfonso Natalia Sevilla
pemex,Plazo,USD,2863473.33,379,07-Feb-2024,Ivonne Cristian Crespo
grupo méxico,Plazo,USD,3917512.29,659,2024-10-21,Humberto Palomo
GRUPO MÉXICO,Vista,USD,1293206.09,1,2020-09-03,Sr(a). Salma Esquivel
bbva méxico,Plazo,MXN,2428102.36,218,27-Sep-2016,Daniel Nadia Camacho
telmex,Plazo,EUR,3760867.33,513,30/04/2020,Marco Antonio Esther Tamez Ponce
pemex,Vista,USD,4063210.67,1,23/12/2020,Juana Antonia Lira Samaniego
pemex,Plazo,EUR,2188283.03,529,27/06/2017,Daniel Escobedo Alcántar
AMÉRICA MÓVIL,Plazo,EUR,246883.18,700,27-Oct-2019,Frida Heredia Merino
GRUPO MÉXICO,Vista,MXN,2120318.15,1,24/09/2017,Marco Antonio Esther Tamez Ponce
telmex,Plazo,MXN,233276.42,275,14-Apr-2017,Óscar González Griego
femsa,Plazo,MXN,779472.09,391,"December 15, 2015",Alfonso Natalia Sevilla
grupo carso,Plazo,MXN,1543891.29,498,02/07/2021,Homero Cristobal Romero Cortez
telmex,CEDE,MXN,1166097.52,420,2025-02-13,Samuel Yuridia Huerta
alsea,Vista,EUR,3209970.64,1,22-Apr-2023,Humberto Núñez
ALSEA,CEDE,EUR,3363870.21,179,25/10/2015,Humberto Palomo
grupo méxico,CEDE,MXN,3434245.99,330,28/10/2017,Ruby Alma Ulloa Puente
SORIANA,CEDE,USD,1309006.89,208,"June 09, 2025",Micaela Velásquez
GRUPO CARSO,Plazo,USD,4747557.82,204,"April 05, 2020",Eloisa Salinas Aguilar
GRUPO LALA,Plazo,MXN,2791752.9,237,15/10/2016,Humberto Núñez
bbva méxico,Plazo,MXN,2833186.16,267,"May 20, 2019",Alejandra Susana Rodríguez Muro
LIVERPOOL,Plazo,MXN,3248437.9,315,"November 09, 2017",Óscar González Griego
LIVERPOOL,Vista,MXN,2529439.62,1,14/09/2017,Mauricio Ybarra
bbva méxico,Vista,MXN,1229052.51,1,22/03/2021,Sr(a). Salma Esquivel
BANORTE,Plazo,EUR,1846347.88,545,21-Apr-2018,Clara Cristobal Barreto Márquez
FEMSA,Vista,USD,1755705.15,1,01/10/2021,Camila Ortega Nazario
banorte,Plazo,USD,4942275.78,392,19/05/2025,Marco Antonio Esther Tamez Ponce
GRUPO BIMBO,CEDE,USD,3002708.49,360,02/11/2020,Alejandro Manuel Pantoja Olivo
GRUPO MÉXICO,Plazo,MXN,4112324.72,573,"May 08, 2016",Lic. Gilberto Camacho
FEMSA,Vista,EUR,876719.48,1,05/09/2018,Sandra Rodolfo Amador
GRUPO BIMBO,Vista,MXN,303815.63,1,"February 07, 2023",Mauricio Ybarra
AMÉRICA MÓVIL,Plazo,USD,503943.01,601,2024-11-27,Irma Tomás Alfaro
pemex,Plazo,EUR,2736302.76,191,08/09/2018,Ivonne Cristian Crespo
cemex,Vista,MXN,2018300.84,1,"June 30, 2024",Rosalia Flores
soriana,CEDE,MXN,1823260.44,321,07/08/2018,Alejandra Susana Rodríguez Muro
CEMEX,Vista,EUR,2709651.46,1,"December 16, 2024",Mercedes Pablo Sanabria
grupo lala,Plazo,USD,2746835.78,114,"October 23, 2024",Irma Tomás Alfaro
bbva méxico,CEDE,USD,1040895.96,624,"August 15, 2018",Víctor Judith Leal Chapa
ALSEA,Vista,EUR,3646175.67,1,2025-04-11,Fernando Rivera Maestas
grupo lala,CEDE,EUR,1513792.51,271,27-May-2018,Micaela Velásquez
américa móvil,CEDE,MXN,3484096.07,33,"March 31, 2017",Homero Cristobal Romero Cortez
CEMEX,Plazo,MXN,2861266.76,438,21/02/2022,Eloisa Salinas Aguilar
banorte,Vista,USD,2289064.18,1,18/11/2015,Homero Cristobal Romero Cortez
LIVERPOOL,Vista,EUR,2961123.89,1,2019-03-17,Sofía de la Rosa
GRUPO BIMBO,CEDE,EUR,3731399.51,547,04/02/2025,Víctor Judith Leal Chapa
TELMEX,CEDE,USD,4788688.42,69,21/04/2019,Ivonne Cristian Crespo
alsea,CEDE,USD,1751772.66,700,11-Sep-2021,Humberto Núñez
TELMEX,Vista,EUR,3901848.52,1,15/11/2021,Ing. Pedro Frías
PEMEX,Vista,EUR,4782467.16,1,"March 20, 2017",Fernando Rivera Maestas
pemex,Vista,USD,1406365.53,1,2017-04-09,Linda Isabela Zambrano
soriana,CEDE,EUR,1800859.95,207,21-Apr-2020,Helena Durán
walmart de méxico,Vista,EUR,4654272.22,1,"July 19, 2018",Humberto Palomo
ALSEA,CEDE,EUR,391762.73,96,2021-08-02,Humberto Núñez
PEMEX,Plazo,MXN,3662904.51,401,"October 22, 2016",Anabel Anel Quintanilla
cemex,Plazo,EUR,1805366.27,455,17-Feb-2020,Anabel Anel Quintanilla
pemex,Plazo,EUR,990289.76,647,24/11/2023,Guillermo Cristian Hernandes
PEMEX,Plazo,EUR,2941317.37,340,2023-12-24,Samuel Yuridia Huerta
SORIANA,Vista,EUR,1631563.34,1,"April 03, 2017",Ruby Alma Ulloa Puente
ALSEA,Plazo,MXN,87255.02,52,"September 13, 2024",Marco Antonio Esther Tamez Ponce
walmart de méxico,Plazo,USD,4255649.67,372,17-Mar-2016,Irma Tomás Alfaro
PEMEX,CEDE,MXN,2364724.62,399,2019-09-29,Óscar González Griego
SORIANA,CEDE,EUR,3217237.64,89,"June 01, 2021",Juana Antonia Lira Samaniego
alsea,Plazo,EUR,292776.83,318,26/06/2020,Irma Tomás Alfaro
GRUPO BIMBO,Vista,MXN,406192.35,1,15-Jan-2025,Liliana Adela Castro
BBVA MÉXICO,Plazo,USD,1205057.15,360,25-Apr-2021,Francisco Bustos Nájera
bbva méxico,Vista,EUR,4980792.26,1,2025-04-26,Homero Cristobal Romero Cortez
BANORTE,CEDE,MXN,4807251.87,40,02-Oct-2015,Daniel Escobedo Alcántar
pemex,Vista,USD,1750585.74,1,15/09/2021,Alejandra Susana Rodríguez Muro
américa móvil,Vista,USD,3208961.91,1,06-Nov-2015,Sr(a). Salma Esquivel
ALSEA,Vista,EUR,1675819.68,1,2019-07-29,Ing. Asunción Alemán
GRUPO CARSO,Vista,MXN,4822876.33,1,10-Feb-2021,Irma Tomás Alfaro
SORIANA,Vista,MXN,1225848.8,1,04-Dec-2018,Dr. Carlos Narváez
alsea,Vista,USD,1530502.56,1,13-Nov-2017,Humberto Palomo
GRUPO MÉXICO,Plazo,USD,4926654.17,611,23-Oct-2024,Alejandra Susana Rodríguez Muro
WALMART DE MÉXICO,CEDE,MXN,2111559.92,720,"April 18, 2020",Linda Isabela Zambrano
WALMART DE MÉXICO,Plazo,EUR,4033072.86,333,"March 18, 2021",Helena Durán
cemex,Vista,USD,3170574.16,1,2021-03-29,Inés Castro
grupo bimbo,CEDE,MXN,4261378.56,246,2021-06-18,Cornelio Serafín Concepción Delgado
WALMART DE MÉXICO,CEDE,MXN,1414561.46,436,19-Jul-2021,Daniel Escobedo Alcántar
grupo méxico,Plazo,EUR,4943243.75,199,2024-01-04,Ruby Alma Ulloa Puente
cemex,CEDE,USD,4166434.27,323,"February 03, 2021",Alfonso Natalia Sevilla
telmex,Plazo,USD,3926318.82,379,29-Mar-2024,Cristobal Miguel Ángel Armenta Mayorga
AMÉRICA MÓVIL,Plazo,MXN,2289046.37,158,03/12/2017,Juana Antonia Lira Samaniego
PEMEX,CEDE,USD,3724274.11,213,"May 01, 2021",Juana Antonia Lira Samaniego
PEMEX,Vista,MXN,4465450.0,1,07-Apr-2025,Frida Heredia Merino
walmart de méxico,CEDE,EUR,3541282.68,448,"November 13, 2020",Liliana Adela Castro
GRUPO MÉXICO,Plazo,MXN,1822180.62,411,15/02/2018,Alfonso Natalia Sevilla
TELMEX,CEDE,MXN,497484.92,268,2016-03-19,Mauricio Ybarra
PEMEX,Plazo,USD,2011406.36,129,2025-03-15,Homero Cristobal Romero Cortez
TELMEX,CEDE,EUR,374184.23,159,2018-02-25,Víctor Durán de la Crúz
grupo carso,Vista,MXN,4105940.77,1,20-Oct-2023,Micaela Velásquez
CEMEX,Plazo,MXN,3750426.88,109,11-Jan-2019,Daniel Nadia Camacho
FEMSA,CEDE,EUR,3080650.67,304,"February 18, 2021",Daniel Nadia Camacho
LIVERPOOL,CEDE,USD,2655542.87,625,05/11/2021,Daniel Nadia Camacho
bbva méxico,CEDE,USD,4717826.23,193,03-Jun-2024,Inés Castro
TELMEX,Plazo,MXN,3304485.17,368,16/05/2016,Espartaco Feliciano
américa móvil,Plazo,MXN,2395481.44,108,06-Jul-2025,Sr(a). Salma Esquivel
walmart de méxico,CEDE,USD,2084774.63,484,2019-07-03,Liliana Adela Castro
AMÉRICA MÓVIL,Vista,EUR,1906014.75,1,2023-04-11,Liliana Adela Castro
liverpool,Plazo,EUR,1895030.45,502,2024-08-04,Sr(a). Salma Esquivel
GRUPO MÉXICO,CEDE,MXN,697221.49,288,2016-09-25,Tania Homero Alonso
telmex,Vista,MXN,4919051.4,1,2017-01-20,Alejandra Susana Rodríguez Muro
femsa,CEDE,EUR,1623676.4,482,2022-12-24,Fernando Rivera Maestas
walmart de méxico,Vista,USD,852970.3,1,20-Aug-2025,Tania Homero Alonso
telmex,CEDE,MXN,995897.6,244,15-Mar-2021,Guillermo Cristian Hernandes
liverpool,Vista,USD,3950952.52,1,2020-05-12,Ruby Alma Ulloa Puente
BBVA MÉXICO,Vista,MXN,899271.41,1,2023-01-15,Daniel Escobedo Alcántar
FEMSA,Plazo,EUR,3024426.84,141,2019-07-03,Cristobal Miguel Ángel Armenta Mayorga
bbva méxico,CEDE,USD,3726508.94,47,"May 20, 2019",Víctor Judith Leal Chapa
GRUPO LALA,Plazo,EUR,2742777.55,180,28-May-2025,Ing. Asunción Alemán
alsea,Vista,EUR,3004013.95,1,20-Jun-2018,Sofía de la Rosa
walmart de méxico,Vista,USD,3251507.13,1,23-Aug-2022,Marco Antonio Esther Tamez Ponce
ALSEA,Plazo,USD,4181479.98,630,20-Mar-2018,Luis Manuel Ana María Vera Domínguez
FEMSA,Vista,USD,1681013.81,1,26-Mar-2025,Sr(a). Salma Esquivel
américa móvil,Vista,EUR,2721182.62,1,01-Mar-2022,Mercedes Pablo Sanabria
BBVA MÉXICO,CEDE,EUR,267288.12,666,2025-01-15,Víctor Durán de la Crúz
soriana,Plazo,EUR,3450563.06,234,2020-08-10,Ing. Asunción Alemán
BANORTE,CEDE,USD,2413348.25,670,15-Apr-2025,Gloria Otero Sáenz
BANORTE,CEDE,USD,3301364.12,505,"August 03, 2025",Gloria Otero Sáenz
alsea,Vista,USD,853980.97,1,13-Apr-2017,Ivonne Cristian Crespo
PEMEX,CEDE,MXN,1976489.79,93,04-Aug-2017,Juana Antonia Lira Samaniego
alsea,CEDE,MXN,2083757.89,670,2018-03-07,Víctor Durán de la Crúz
WALMART DE MÉXICO,CEDE,USD,4829535.66,268,"February 03, 2016",Ing. Pedro Frías
alsea,Vista,USD,1111978.59,1,"June 26, 2020",Alejandro Manuel Pantoja Olivo
WALMART DE MÉXICO,CEDE,EUR,2474020.82,510,05-Oct-2022,Alejandra Susana Rodríguez Muro
grupo méxico,CEDE,EUR,3257546.03,148,07/08/2024,Linda Isabela Zambrano
TELMEX,CEDE,EUR,2640272.41,571,"November 22, 2018",Gloria Otero Sáenz
LIVERPOOL,Plazo,USD,4227750.02,235,2025-04-04,Camila Ortega Nazario
GRUPO BIMBO,CEDE,USD,2615574.68,115,"August 07, 2021",Espartaco Feliciano
SORIANA,Vista,MXN,2152330.13,1,"June 25, 2017",Daniel Escobedo Alcántar
PEMEX,Vista,EUR,2743518.12,1,12/05/2025,Liliana Adela Castro
soriana,CEDE,USD,707305.72,74,21/10/2023,Samuel Yuridia Huerta
alsea,CEDE,EUR,3602379.26,467,25/10/2021,Frida Heredia Merino
GRUPO LALA,Plazo,EUR,4431788.2,547,"July 22, 2017",Alejandro Manuel Pantoja Olivo
ALSEA,Vista,MXN,4354640.97,1,"January 14, 2018",Sofía de la Rosa
GRUPO CARSO,CEDE,USD,4254753.37,83,22-May-2023,Óscar González Griego
FEMSA,CEDE,MXN,4387122.72,116,2018-05-03,Ruby Alma Ulloa Puente
GRUPO BIMBO,Plazo,EUR,743512.01,504,2017-04-21,Clara Cristobal Barreto Márquez
grupo lala,Plazo,USD,2386350.12,534,2018-05-21,Fernando Rivera Maestas
WALMART DE MÉXICO,Vista,MXN,439747.5,1,04/05/2017,Sofía de la Rosa
liverpool,Plazo,EUR,3122800.6,293,03/02/2021,Irma Tomás Alfaro
grupo carso,Vista,MXN,2367634.66,1,"December 01, 2019",Liliana Adela Castro
BANORTE,Plazo,EUR,3867668.44,603,"December 21, 2015",Juana Antonia Lira Samaniego
grupo méxico,Plazo,USD,2387083.69,160,"March 11, 2022",Daniel Nadia Camacho
grupo bimbo,CEDE,EUR,4216032.96,709,16/03/2024,Ing. Asunción Alemán
CEMEX,Plazo,USD,1040144.83,368,"September 19, 2015",Francisco Bustos Nájera
GRUPO MÉXICO,Plazo,USD,296762.87,87,07/06/2025,Concepción Pedroza Ruelas
BANORTE,Plazo,USD,3142936.31,475,08-Mar-2018,Juana Antonia Lira Samaniego
LIVERPOOL,CEDE,USD,1041380.37,91,15-Feb-2025,Dr. Virginia Pelayo
GRUPO MÉXICO,Vista,EUR,4761282.62,1,25/09/2016,Inés Castro
AMÉRICA MÓVIL,Vista,MXN,4171504.89,1,"March 17, 2024",Cristobal Miguel Ángel Armenta Mayorga
grupo lala,Plazo,MXN,1507005.43,323,25-May-2024,Cristobal Miguel Ángel Armenta Mayorga
GRUPO LALA,CEDE,USD,547183.59,60,"March 12, 2025",Humberto Palomo
grupo bimbo,Plazo,USD,4577688.61,383,05/06/2024,Fernando Cervantes Caballero
walmart de méxico,CEDE,USD,1469996.29,652,"December 10, 2017",Luis Manuel Ana María Vera Domínguez
GRUPO CARSO,CEDE,MXN,4731669.88,247,"December 09, 2021",Inés Castro
banorte,Plazo,EUR,3922900.33,91,15-Feb-2017,Eloisa Salinas Aguilar
grupo méxico,CEDE,MXN,3463572.82,538,07-Oct-2024,Humberto Palomo
grupo méxico,Plazo,USD,4711842.29,266,15-Jan-2023,Tania Homero Alonso
pemex,CEDE,MXN,1293745.3,431,20-Jan-2025,Mercedes Pablo Sanabria
FEMSA,Vista,USD,4797468.9,1,"August 12, 2019",Liliana Adela Castro
grupo lala,Plazo,EUR,795390.59,391,2016-03-17,Camila Ortega Nazario
pemex,Vista,USD,1337510.26,1,05-May-2022,Guillermo Cristian Hernandes
ALSEA,Vista,MXN,896530.02,1,"July 23, 2021",Samuel Yuridia Huerta
ALSEA,Vista,USD,2213211.09,1,2021-05-05,Juana Antonia Lira Samaniego
GRUPO CARSO,CEDE,USD,2666241.82,180,2021-10-24,Gloria Otero Sáenz
GRUPO MÉXICO,Plazo,USD,4593884.63,556,"February 22, 2017",Rosalia Flores
walmart de méxico,Plazo,USD,1637436.71,360,2021-05-23,Gloria Otero Sáenz
femsa,Vista,MXN,3918208.52,1,"October 17, 2018",Gabino Mariano Laureano Puente
grupo bimbo,Plazo,MXN,143094.39,522,29/07/2017,Luis Manuel Ana María Vera Domínguez
alsea,Vista,MXN,1672971.37,1,29/11/2020,Sandra Rodolfo Amador
WALMART DE MÉXICO,Plazo,EUR,2764276.29,273,10-Dec-2018,Eloisa Salinas Aguilar
GRUPO LALA,CEDE,MXN,3989370.6,187,2022-01-04,Juana Antonia Lira Samaniego
soriana,CEDE,MXN,2804559.09,513,2020-04-19,Alfonso Natalia Sevilla
